index,acousticness,artists,danceability,duration_ms,energy,explicit,id,instrumentalness,key,liveness,loudness,mode,name,popularity,release_date,speechiness,tempo,valence,year,cluster,distance
87605,0.807,['Billie Eilish'],0.5760000000000001,189613,0.307,0,2VlLbhGLVJgdOW7kKdWWFc,0.00035499999999999996,11,0.0792,-12.732000000000001,0,Six Feet Under,77,11/17/2016,0.0428,67.513,0.157,2016,0,0.0
24225,0.909,"['Freddie Gibbs', 'The Alchemist']",0.451,153493,0.514,1,6kK3m2FiYERYrUF269y0Es,0.0151,6,0.36200000000000004,-12.63,1,Look At Me,64,5/29/2020,0.22,67.072,0.45899999999999996,2020,0,0.6903333216823612
7670,0.9279999999999999,['Mark Diamond'],0.45,195758,0.18899999999999997,0,3KH5aME71gFcHvReW54ew4,0.000843,8,0.10400000000000001,-11.423,1,You're My Girl (Lost Recording #6),61,11/11/2016,0.0519,66.945,0.22699999999999998,2016,0,1.4443490188122872
23966,0.46799999999999997,['Astrus*'],0.6709999999999999,131202,0.28800000000000003,1,0I3Lzmf3JDIOyFLcrruRjO,0.0,1,0.139,-14.175999999999998,1,She Wonders Why,63,2/7/2018,0.496,68.28699999999999,0.42,2018,0,1.7568877044435627
125888,0.5379999999999999,['potsu'],0.843,142183,0.256,0,7JgZbix8xDasAhbn3N7eIF,0.114,7,0.133,-13.565,0,[oops],69,5/17/2017,0.0752,68.997,0.655,2017,0,1.818587195056916
97466,0.922,['Tate McRae'],0.52,202496,0.11900000000000001,0,27r2uANqwK7XbsiAZnzf9e,0.0,0,0.0883,-12.148,1,One Day,76,12/24/2017,0.0407,69.217,0.355,2017,0,1.8263812159636825
23886,0.152,['Dreams of Dreams'],0.146,120380,0.7190000000000001,0,15C6LZS1l1ulhDaUe2TbDO,0.976,0,0.7120000000000001,-14.12,0,Oceanic Calmness,61,5/6/2017,0.0488,68.021,1e-05,2017,0,2.0845330091233842
161378,0.8390000000000001,['Lana Del Rey'],0.292,300683,0.33399999999999996,0,2mdEsXPu8ZmkHRRtAdC09e,0.345,6,0.151,-10.679,0,Cinnamon Girl,71,8/30/2019,0.0378,67.836,0.14800000000000002,2019,0,2.1273430414545276
169863,0.474,['Mac Miller'],0.677,298440,0.33,0,2Yv2mHzr5AQavVdwQjEokV,0.0008710000000000001,2,0.064,-11.198,1,Hand Me Downs,68,1/17/2020,0.149,68.985,0.336,2020,0,2.164511433616368
16051,0.966,['Lana Del Rey'],0.456,272485,0.126,0,3lG6OtGDsYAOALxEmubQQm,1.77e-06,2,0.107,-10.883,1,Happiness is a butterfly,70,8/30/2019,0.0444,68.61399999999999,0.162,2019,0,2.168927044594033
135492,0.982,['Frank Ocean'],0.35,202200,0.12,0,72794Eag03xdy7TO0KNuid,0.00028900000000000003,3,0.10300000000000001,-11.104000000000001,0,Cayendo (Side A - Acoustic),72,4/3/2020,0.0393,68.995,0.121,2020,0,2.2282846977789883
55646,0.7909999999999999,"['Freddie Gibbs', 'The Alchemist']",0.489,172427,0.52,1,1DA6UYm3jqf8b3ecWUbo6i,0.00278,5,0.10800000000000001,-11.265,1,Skinny Suge,63,5/29/2020,0.263,65.538,0.161,2020,0,2.4809770979646375
135505,0.302,['Jeremy Zucker'],0.8009999999999999,174520,0.272,1,1g8illkxDpZ9oHckc7NovJ,0.0,4,0.40700000000000003,-10.564,1,not ur friend,74,4/17/2020,0.415,68.965,0.648,2020,0,2.7572576604345485
116674,0.0126,['Lady Gaga'],0.231,60400,0.457,0,3CGZ7wfk4skmuyQgua1C1K,0.875,6,0.327,-10.773,0,Chromatica I,78,5/29/2020,0.0318,65.827,0.0588,2020,0,2.8790703909465343
87719,0.24100000000000002,['SZA'],0.48700000000000004,272187,0.366,1,6gU9OKjOE7ghfEd55oRO57,0.0,8,0.126,-9.405,0,The Weekend,75,6/9/2017,0.0531,68.191,0.161,2017,0,3.4442246523746105
24125,0.932,['Freya Ridings'],0.386,225853,0.136,0,3cWI6Hj9LQ0MfMuhw9uSMc,0.0,6,0.0653,-9.267000000000001,1,Lost Without You,70,7/19/2019,0.0458,67.016,0.0976,2019,0,3.5125390668325664
169502,0.7979999999999999,['J. Cole'],0.486,278920,0.19399999999999998,1,5rmcjZTrE9JR1YrbNZDFNW,0.00624,2,0.114,-15.265,1,She's Mine Pt. 2,58,12/9/2016,0.0712,70.031,0.048,2016,0,3.5764921687632705
87763,0.883,['XXXTENTACION'],0.669,121887,0.308,0,7AFASza1mXqntmGtbxXprO,0.0,11,0.0984,-10.068,1,changes,84,3/16/2018,0.028999999999999998,64.934,0.52,2018,0,3.7275851708612975
8141,0.23399999999999999,"['Freddie Gibbs', 'The Alchemist', 'Benny The Butcher']",0.489,281987,0.62,1,2pFC6DEdMhxQWUTptwVyS4,2.57e-05,7,0.312,-10.52,1,Frank Lucas (feat. Benny the Butcher),65,5/29/2020,0.272,70.46300000000001,0.308,2020,0,3.7628234862186285
152444,0.81,"['Anna Kendrick', 'Justin Timberlake']",0.377,180573,0.183,0,1JY9hsqLWZ3JB3K39Ve1xF,8.56e-06,4,0.121,-12.679,1,True Colors - Film Version,62,9/23/2016,0.037000000000000005,71.27600000000001,0.369,2016,0,3.776862322089688
32124,0.971,['Taylor Swift'],0.737,150440,0.175,0,1SmiQ65iSAbPto6gPFlBYm,0.000337,10,0.171,-9.912,1,It’s Nice To Have A Friend,66,8/23/2019,0.0401,70.008,0.545,2019,0,3.7956085849734236
161013,0.83,['Birdtalker'],0.32799999999999996,269596,0.185,0,3PgZ3mM7KT9YubwfrYqb7H,7.3e-05,0,0.11699999999999999,-12.1,1,My Lover,60,12/2/2016,0.0365,71.454,0.0923,2016,0,4.001684232860447
39778,0.37200000000000005,['Gus Dapperton'],0.28,198014,0.42,0,08VEQesIyvMu4xIxec8lMT,8.87e-06,4,0.134,-9.552999999999999,0,"Moodna, Once With Grace",58,5/17/2016,0.0366,65.13,0.14800000000000002,2016,0,4.009671133622561
24018,0.33399999999999996,['Rook1e'],0.54,103549,0.48,0,1VFbHdNzYUJr0FsxoayP1N,0.0016600000000000002,4,0.177,-8.728,1,Grape Soda,63,1/26/2018,0.0554,66.918,0.68,2018,0,4.113909248272865
15850,0.0,['Rain Sounds Factory STHLM'],0.21,250000,0.153,0,5VElkYenegHlF1oBmZ06oq,0.996,0,0.49,-15.128,0,Rain Sound : Monsun,63,4/21/2017,0.0648,64.435,0.0309,2017,0,4.147321040867829
135232,0.875,['Elijah Who'],0.79,122704,0.133,0,19JzJOMs4wkuKxY8WEOMea,0.8079999999999999,8,0.111,-9.365,1,this girl,68,9/29/2017,0.0915,69.997,0.42200000000000004,2017,0,4.279432132424228
47742,0.9259999999999999,['Daniel Caesar'],0.198,185523,0.162,0,59acp1OhcvxwVBwQJBYKuX,0.00896,1,0.135,-15.815,1,Loose,60,8/25/2017,0.0343,70.453,0.0527,2017,0,4.282604047308714
24085,0.9670000000000001,['Lana Del Rey'],0.461,324499,0.102,1,0fB77VOZ2FkQeKLv1DuEwp,2.1e-06,7,0.16399999999999998,-13.05,1,hope is a dangerous thing for a woman like me to have - but I have it,71,8/30/2019,0.0897,71.835,0.259,2019,0,4.3452793666849905
116249,0.872,['Tomppabeats'],0.742,91505,0.384,0,5qC17VMNoZdF2gAw28FtsV,0.00305,10,0.132,-8.533,1,Monday Loop,62,5/6/2016,0.043,69.006,0.354,2016,0,4.465418697392776
7824,0.779,['Joyner Lucas'],0.605,408064,0.613,1,0hL8yBivUahlm1rhQ1a0Xx,0.0,11,0.0981,-10.479000000000001,0,I'm Not Racist,63,12/4/2017,0.8690000000000001,63.763999999999996,0.336,2017,0,4.465565560600927
144256,0.774,['Brent Faiyaz'],0.556,110129,0.344,1,2J6OF7CkpdQGSfm1wdclqn,0.0,2,0.14300000000000002,-8.765,1,Clouded,69,2/7/2020,0.0585,65.508,0.579,2020,0,4.465688419048629
77773,0.00436,['Killstation'],0.5489999999999999,84558,0.49700000000000005,0,3nF5bxOE63ZU6JiU4IJQB8,0.0,3,0.0698,-8.645,0,Extinction,64,3/17/2018,0.22,65.919,0.113,2018,0,4.467537274117031
87925,0.0511,"['Tory Lanez', 'Chris Brown']",0.46399999999999997,221492,0.547,1,0Odu228D0yGcFySGuxU4rY,0.0,7,0.155,-8.137,0,The Take (feat. Chris Brown),83,11/15/2019,0.33899999999999997,67.003,0.423,2019,0,4.709553059051889
8119,0.327,['Eslabon Armado'],0.447,215954,0.636,1,36EQeUxiJibZQ0WLICBZua,0.0,6,0.0834,-8.064,1,Catorce de Febrero,65,4/6/2020,0.0473,68.083,0.866,2020,0,4.793028793573537
106874,0.39,['The Band Of Heathens'],0.36200000000000004,319228,0.42100000000000004,0,3s5NrHgyTkuinl0TgHCHeK,0.0,7,0.0971,-8.824,1,Hurricane,64,1/1/2016,0.0437,64.763,0.35600000000000004,2016,0,4.807033112640791
55212,0.77,['Pinegrove'],0.309,270933,0.48200000000000004,0,75Ft0iq6Pz4TjAa5tiJW4x,7.06e-06,6,0.235,-7.9910000000000005,1,Aphasia,52,2/12/2016,0.0422,66.749,0.349,2016,0,4.8192528592160695
32062,0.887,['Rod Wave'],0.6679999999999999,111752,0.365,1,0Doa5K0ifq5RgdTWngqoYS,0.0,2,0.0763,-9.465,1,Chip On My Shoulder,61,11/1/2019,0.509,71.066,0.623,2019,0,4.87338003607609
125919,0.725,['Sasha Sloan'],0.581,184893,0.298,0,3kywzyEr7V106Un5cDyh12,0.0,11,0.11599999999999999,-9.54,1,Older,67,11/29/2018,0.0698,63.761,0.168,2018,0,4.927007445298315
169785,0.872,['Bon Iver'],0.41100000000000003,216707,0.285,0,0d6bZwEAi1XblGRhnzPfgC,0.000354,0,0.0993,-10.97,1,"Hey, Ma",70,8/9/2019,0.0306,72.139,0.213,2019,0,4.953800848843332
126155,0.52,"['Don Toliver', 'Kaash Paige', 'Travis Scott']",0.584,216004,0.306,1,13QU8HBEBaSTZGq1HzQe9S,0.0,9,0.12,-8.401,0,Euphoria (feat. Travis Scott & Kaash Paige),73,3/13/2020,0.0271,70.02199999999999,0.096,2020,0,5.014051082311083
144282,0.632,['H.E.R.'],0.429,255066,0.39899999999999997,0,3f3cliOygeuUpGRwdohy12,3.229999999999999e-05,5,0.087,-11.679,0,Comfortable,70,2/5/2020,0.0893,72.487,0.353,2020,0,5.094194950542744
77724,0.0575,['Mother Nature FX'],0.0569,200147,0.0136,0,6miZ8db7XqaLpgKip2Ubhd,0.907,2,0.37799999999999995,-16.750999999999998,1,Relax Sleep Rain,61,4/12/2017,0.10300000000000001,70.357,0.0309,2017,0,5.107720378605796
116599,0.698,['Billie Eilish'],0.735,173202,0.235,0,6X29iaaazwho3ab7GNue5r,0.00604,3,0.107,-13.239,1,8,77,3/29/2019,0.315,62.446000000000005,0.462,2019,0,5.112905925129564
143890,0.247,['Glass Animals'],0.575,262540,0.446,0,3ApAsbQP7d5GlFwwdExaTY,0.0056700000000000006,4,0.13699999999999998,-7.8020000000000005,0,Poplar St,61,8/26/2016,0.0296,68.985,0.259,2016,0,5.1786632762929266
97654,0.49200000000000005,['Taylor Swift'],0.359,221307,0.5429999999999999,0,1dGr1c8CrMLDpV6mPbImSI,1.58e-05,7,0.11800000000000001,-7.582000000000001,1,Lover,81,8/23/2019,0.0919,68.53399999999999,0.45299999999999996,2019,0,5.278113618051114
126120,0.033,['The Weeknd'],0.218,250053,0.652,1,6b5P51m8xx2XA6U7sdNZ5E,0.111,4,0.172,-7.952999999999999,0,Alone Again,75,3/20/2020,0.0641,65.375,0.0599,2020,0,5.318541741495035
31833,0.0561,"['Bethel Music', 'Steffany Gretzinger']",0.128,339871,0.396,0,56ECskEyc7XqOCyRPruZ37,8.3e-06,10,0.0966,-9.904,1,Pieces (Live),56,3/11/2016,0.0342,71.965,0.05,2016,0,5.348101499616559
55288,0.9590000000000001,"['Tyler, The Creator']",0.552,36160,0.415,1,4KgTrzmfiWNcVneh2Dd1Ou,0.000239,3,0.16399999999999998,-11.995999999999999,1,Sometimes...,60,7/21/2017,0.0451,72.862,0.36,2017,0,5.407147708677459
143943,0.5760000000000001,['Kendrick Lamar'],0.67,160293,0.7,1,4BHSjbYylfOH5WAGusDyni,5.34e-06,1,0.226,-7.893,1,YAH.,65,4/14/2017,0.196,69.986,0.648,2017,0,5.480364732594184
31792,0.9259999999999999,['Brielle Von Hugel'],0.281,247696,0.139,0,1tg28JiXBuaUj5bZ8Ppuum,0.0,4,0.099,-8.97,1,The One That Got Away,62,11/13/2016,0.0421,63.473,0.0467,2016,0,5.533191912994258
70224,0.863,['Michl'],0.466,234930,0.44799999999999995,0,6MDA9JR00rgB20dIVqaDe9,0.00018600000000000002,10,0.255,-8.73,0,Kill Our Way to Heaven,59,8/12/2016,0.0921,71.426,0.251,2016,0,5.604004118356889
169606,0.185,['Ramz'],0.45,202827,0.465,0,2U5cq89GCnsR1yixKkC8d5,0.0,7,0.0782,-7.867000000000001,0,Barking,71,12/1/2017,0.268,70.23100000000001,0.7879999999999999,2017,0,5.650871628875056
161252,0.418,['Iamjakehill'],0.693,159327,0.434,1,0RzAihLqsEg9Qcm4pfPbG2,0.0,1,0.33799999999999997,-9.366,1,Rip X,69,6/21/2018,0.193,63.033,0.685,2018,0,5.6524168818325
62997,0.266,['Lil Peep'],0.32799999999999996,180600,0.619,1,2FoRvrNWBtrJiSgIjmivKG,1.95e-06,0,0.17800000000000002,-7.136,1,Hate Me,64,11/9/2018,0.282,67.153,0.405,2018,0,5.65904825961436
169890,0.7859999999999999,"['Kiana Ledé', '6LACK']",0.501,192120,0.349,1,6t5MVzUCfeK1ASDMkKadxW,0.0,3,0.107,-10.883,0,Second Chances. (ft. 6LACK),67,4/3/2020,0.391,72.855,0.322,2020,0,5.666818878879489
116609,0.853,"['Noah Cyrus', 'Leon Bridges']",0.708,152280,0.21100000000000002,0,3V0nnQhqvbE3JmiDdnzQFQ,0.0,9,0.131,-9.603,0,July (feat. Leon Bridges),74,11/8/2019,0.0424,72.5,0.36200000000000004,2019,0,5.893579093049058
23885,0.7070000000000001,"['Laura Dreyfuss', 'Ben Platt']",0.467,227187,0.34600000000000003,0,7BbtvJqWnQRt8gSrWbUVym,0.0,1,0.102,-7.029,1,Only Us,62,2/3/2017,0.0271,69.006,0.243,2017,0,5.897865923876619
15751,0.444,['Tomppabeats'],0.675,52603,0.495,0,3pUMsLZIy50bhHOR8K8EKG,0.9640000000000001,10,0.162,-11.151,0,Far Away,55,5/6/2016,0.0957,73.117,0.718,2016,0,5.944264288877555
8055,0.00036,['Agust D'],0.478,219809,0.574,1,5Ncjypx5upZS5ZZTaqUzIf,0.00719,1,0.157,-8.886000000000001,1,Honsool,72,5/22/2020,0.0606,71.984,0.187,2020,0,5.959902221246999
152462,0.875,['EDEN'],0.46799999999999997,296053,0.517,1,0Mf6WhWLfOpzOxacvbcboj,0.00705,0,0.171,-7.0489999999999995,0,rock + roll,63,8/19/2016,0.0574,69.282,0.425,2016,0,5.963786316009737
107026,0.23399999999999999,['Harry Styles'],0.386,229813,0.40700000000000003,0,4B1rpPmQXwj78wk6aIGwwU,1.86e-06,6,0.0999,-7.095,0,Two Ghosts,73,5/12/2017,0.0268,69.387,0.456,2017,0,5.979310964877798
97788,0.917,['Billie Eilish'],0.38,242265,0.21899999999999997,0,73SpzrcaHk0RQPFP73vqVR,0.0104,4,0.0827,-13.273,0,No Time To Die,84,2/13/2020,0.0358,73.53699999999999,0.0517,2020,0,6.053987714062925
40169,0.738,['Justin Bieber'],0.485,135493,0.41200000000000003,0,521Os1SMlxmsoevsqyjNmJ,0.0,9,0.12,-7.766,0,Changes,70,2/14/2020,0.042,64.062,0.612,2020,0,6.06657353091719
135439,0.47200000000000003,['Hailee Steinfeld'],0.37799999999999995,248987,0.38799999999999996,0,7GCVboEDzfL3NKp1NrAgHR,0.0,10,0.157,-9.017000000000001,1,Wrong Direction,76,1/1/2020,0.036000000000000004,72.293,0.188,2020,0,6.067509802713549
55396,0.765,"['Unclenathannn', 'Shiloh Dynasty']",0.8240000000000001,99838,0.0312,1,36V4aP2bpDUuvBYcpku9LI,7.55e-05,7,0.0845,-15.873,1,Pure Imagination,62,3/19/2018,0.0921,72.727,0.314,2018,0,6.1006653979808
63009,0.389,"['6LACK', 'Future']",0.581,246088,0.315,1,6rJmWa5DvQ3Nby3tdcX2L0,1.6800000000000002e-05,5,0.0766,-11.947000000000001,0,East Atlanta Love Letter (feat. Future),61,9/14/2018,0.0781,61.381,0.185,2018,0,6.196329475131168
70470,0.713,['Masters of Binaurality'],0.205,220606,0.121,0,1yOlQ6v0E3Jgo9iY0dtMyQ,0.9390000000000001,10,0.11,-16.988,0,Gamma Freq Pads,62,3/20/2019,0.0489,71.895,0.0283,2019,0,6.1963809579483495
39923,0.7120000000000001,['Samsa'],0.526,208144,0.525,1,4XOlo2K3XX1ICy1KfEiWyO,0.000148,0,0.139,-12.345,1,Solo,59,8/18/2017,0.26,73.73100000000001,0.66,2017,0,6.2590816357393075
88028,0.868,['Noah Cyrus'],0.708,156106,0.18600000000000003,0,6J2LdBN97cDWn0MLxYh9HB,0.0,9,0.0779,-8.953,0,July,83,5/15/2020,0.042,72.541,0.322,2020,0,6.294810438450464
47756,0.687,"['biosphere', 'CIKI', 'Chris Wright', 'love-sadKID']",0.735,198868,0.389,0,60bHRp4901AmCtPPPsytte,3.25e-06,1,0.125,-12.290999999999999,1,strangers,60,10/22/2017,0.354,73.831,0.7290000000000001,2017,0,6.370568044038777
55307,0.73,['Lorde'],0.325,216611,0.271,0,193Dm5SqYy3hTSbuzxbwKc,0.0,7,0.301,-8.068999999999999,1,Writer In The Dark,62,6/16/2017,0.0418,71.855,0.27899999999999997,2017,0,6.382071714265283
39919,0.991,['The Harpeurs'],0.565,94059,0.0357,0,1w8KJUP2hZ57CbJq7Z1cBD,0.946,5,0.113,-18.991,1,Brahms Lullaby,63,6/1/2017,0.0722,66.007,0.516,2017,0,6.525015705423627
116449,0.701,['LANY'],0.5589999999999999,286928,0.42200000000000004,0,0Eqg0CQ7bK3RQIMPw1A7pl,1.99e-06,11,0.0853,-11.89,1,Malibu Nights,76,10/5/2018,0.195,74.002,0.191,2018,0,6.547151531362011
40197,0.541,['Chris Renzema'],0.292,254107,0.355,0,3u3wIwedK7lT55qBqZ1M1s,0.0,5,0.0931,-7.225,1,Springtime,62,1/24/2020,0.0294,71.041,0.158,2020,0,6.551940391672146
97535,0.84,['Brett Young'],0.638,217120,0.36700000000000005,0,2VIPU72L6tIR4w8J8ap6Kp,0.0,4,0.0999,-7.906000000000001,1,Mercy,69,2/10/2017,0.0266,71.957,0.21899999999999997,2017,0,6.561438870859417
161110,0.84,['Brett Young'],0.638,217120,0.36700000000000005,0,5f67qP7EXnVPyhZYquhgQ3,0.0,4,0.0999,-7.906000000000001,1,Mercy,61,2/10/2017,0.0266,71.957,0.21899999999999997,2017,0,6.561438870859417
77813,0.612,['Chance the Rapper'],0.6859999999999999,218624,0.469,1,3woRy7uxzl1lO2XO99oHsN,0.0,1,0.121,-9.065,1,The Man Who Has Everything,59,11/30/2018,0.29100000000000004,72.998,0.156,2018,0,6.608466887714957
70510,0.67,['Camilo'],0.675,158533,0.36,0,0PaNKfwdqHjmW7hVEQ0lbu,0.0,1,0.159,-6.66,0,La Difícil,76,12/20/2019,0.11199999999999999,64.921,0.5529999999999999,2019,0,6.61717460900232
161328,0.0165,"['Labrinth', 'Zendaya']",0.348,192987,0.652,0,10hMM5nsZQf66ldBlgWBfG,0.000264,3,0.33,-7.145,1,All For Us - from the HBO Original Series Euphoria,71,8/4/2019,0.0931,70.956,0.172,2019,0,6.627999169302981
15780,0.00107,['Big Thief'],0.419,230586,0.7040000000000001,0,2WTxIQ0ufU7AxT43ZKpllY,3.04e-05,4,0.161,-7.819,1,Masterpiece,58,5/27/2016,0.0288,72.044,0.401,2016,0,6.7502395891009
47683,0.414,"['Will Reagan', 'United Pursuit']",0.619,291198,0.34700000000000003,0,4Xwry2rjyXZg9unm8QaRFL,0.0,9,0.076,-10.686,1,Not in a Hurry,59,1/20/2017,0.0354,74.00399999999999,0.39,2017,0,6.82139642053039
62965,0.0138,['Yeek'],0.5710000000000001,188176,0.5479999999999999,0,3NbcZRhP7aRmlPiZZ70Xle,0.614,0,0.177,-6.483,1,Shake,58,4/28/2017,0.377,70.001,0.488,2017,0,6.821641511104568
32005,0.828,['Cosmo Sheldrake'],0.7390000000000001,80407,0.575,0,2FpGKiMD2kGDn8Lb9RLRLk,7.35e-05,8,0.121,-8.109,1,Birthday Suit,59,4/6/2018,0.22,62.474,0.532,2018,0,6.858298342828368
143950,0.22399999999999998,['Ocean Makers'],0.0599,173962,0.856,0,3J43NF1eQPqJLS64ZTtIYU,0.956,1,0.606,-13.429,1,Soothing Waves Sounds,64,5/6/2017,0.0673,74.244,1e-05,2017,0,6.922126907687039
7804,0.9390000000000001,['Dean Lewis'],0.515,193628,0.201,0,3bnMRk8B9LUcsCHJNQAMLr,1.29e-06,8,0.0889,-10.866,1,Lose My Mind - Acoustic,60,11/17/2017,0.0569,74.21,0.228,2017,0,6.954817037500743
39777,0.39899999999999997,['Charlie Burg'],0.532,243797,0.319,0,5HKv1sFHbXgmXBih203HxT,2.52e-05,5,0.138,-7.461,1,I Don't Wanna Be Okay Without You,59,12/20/2016,0.0288,62.983999999999995,0.166,2016,0,6.9618647321510165
55361,0.0153,['Tom Walker'],0.586,185863,0.624,0,6lOWoTqVnAWXchddtTH31W,1.78e-06,5,0.133,-5.946000000000001,1,Leave a Light On,73,10/13/2017,0.113,68.976,0.267,2017,0,6.995531823583134
77876,0.8759999999999999,['Sleep Lab'],0.152,292562,0.163,0,3bZRbI4bSxxa8iyl12X1RH,0.973,2,0.0928,-19.581,1,Perfect Parameters,60,11/26/2019,0.0425,68.655,0.0393,2019,0,7.026970516234217
152431,0.723,"['Chance the Rapper', 'Jamila Woods']",0.7140000000000001,221940,0.34299999999999997,0,2VQc9orzwE6a5qFfy54P6e,5.48e-06,10,0.102,-7.641,1,Blessings (feat. Jamila Woods),60,5/27/2016,0.38,72.348,0.37200000000000005,2016,0,7.034440333257805
55544,0.807,['Rex Orange County'],0.402,199052,0.37799999999999995,1,79yScU3wNnv2yPF3awYqnU,0.0,1,0.242,-8.682,0,New House,64,2/14/2019,0.0436,73.262,0.317,2019,0,7.038531281881537
15968,0.151,['Luke Combs'],0.401,227560,0.466,0,5FUKOLrwBWkUzJ0Du3dm5T,0.0,1,0.132,-8.625,1,I Got Away with You,62,6/1/2018,0.0297,73.204,0.254,2018,0,7.053618970147514
70468,0.8009999999999999,['Ström'],0.196,154054,0.10300000000000001,0,2f1sFLNAFkimScFnAZaEaI,0.88,0,0.111,-19.66,1,Ankomst,61,11/22/2019,0.0399,68.584,0.0388,2019,0,7.07948043404493
55572,0.545,"['99 Neighbors', 'Brasstracks', 'PhiloSofie']",0.8170000000000001,231602,0.48700000000000004,1,0WQZG47PGOUzuQuMpB8gC0,0.0,0,0.336,-6.585,1,Fuck No (feat. Brasstracks & PhiloSofie),61,9/10/2019,0.474,70.949,0.65,2019,0,7.088424282308796
70179,0.622,['Mike Posner'],0.637,280800,0.318,1,3CCyVdprlcXui4ZwMw1hNS,1.58e-06,10,0.125,-10.07,1,I Took A Pill In Ibiza,53,5/6/2016,0.0716,74.11,0.38299999999999995,2016,0,7.120303589377746
125948,0.0779,"['Smino', 'Bari', 'Jay2']",0.8220000000000001,162591,0.503,1,3X6YJcqTinaNraRvojF62K,0.0,11,0.161,-6.888999999999999,0,Z4L (with Bari & Jay2),68,11/8/2018,0.285,71.524,0.408,2018,0,7.140563144180225
32128,0.048,['Junior H'],0.41700000000000004,228636,0.667,0,5TcrOVydCIXJnEVBOcd4c0,6.85e-06,6,0.20199999999999999,-5.681,0,El AK,65,10/31/2019,0.0604,66.642,0.39,2019,0,7.160718031120095
31971,0.114,"['Future', 'Juice WRLD']",0.818,184960,0.44299999999999995,1,7L95O7D34EWhwtDCQkwGMR,0.0,5,0.41200000000000003,-11.444,0,No Issue,61,10/19/2018,0.40399999999999997,74.491,0.722,2018,0,7.174202632071729
116283,0.373,['Post Malone'],0.654,194827,0.37799999999999995,1,2rKmNEYrQxaOPZrOWKZpOc,1.07e-05,5,0.0971,-8.107999999999999,0,Up There,65,12/9/2016,0.0322,72.976,0.43700000000000006,2016,0,7.1766328377967366
55366,0.7659999999999999,['Anthem Lights'],0.305,213303,0.358,0,4MODTnPdps3hsz2sS7UAqC,0.0,4,0.0992,-7.395,1,Class of 2017 Mash-Up: My Wish / I Hope You Dance / The Climb / I Lived,58,9/8/2017,0.0378,72.331,0.259,2017,0,7.196196573609214
97544,0.648,['King Princess'],0.6,225133,0.535,1,0CZ8lquoTX2Dkg7Ak2inwA,4.7e-06,4,0.162,-7.042999999999999,1,1950,78,2/23/2018,0.107,71.91199999999999,0.26899999999999996,2018,0,7.198422369013227
77740,0.721,['Jhené Aiko'],0.452,279453,0.552,1,0PYmO55JPwEWgtyJbkN6mq,0.0,4,0.257,-10.28,0,New Balance,56,9/22/2017,0.142,74.305,0.522,2017,0,7.238856512324653
169458,0.508,['KYLE'],0.504,218371,0.779,1,6hH8aoPnO3rRg8WKRZgbWw,0.0,11,0.0994,-6.546,1,Doubt It,58,8/19/2016,0.556,71.16,0.78,2016,0,7.2482056680274285
143958,0.05,['The Sleep Helpers'],0.126,230177,0.9690000000000001,0,0yAUGrMrWv9EqMXJuyTZ3W,0.915,2,0.7090000000000001,-18.769000000000002,1,Street Rain,67,1/9/2017,0.0666,71.22,0.021,2017,0,7.256259157170791
70246,0.22,['Hearts & Colors'],0.687,186846,0.537,0,3B8TBGV0upObaUd9z4O9W8,0.0,0,0.314,-10.923,1,Love Her Anyways,54,6/2/2016,0.0676,74.49600000000001,0.657,2016,0,7.262940603228493
169460,0.536,['J. Cole'],0.595,127880,0.41600000000000004,1,3MWlVSkoLS1e66nlZ2tuWJ,0.0,10,0.293,-10.957,0,For Whom The Bell Tolls,59,12/9/2016,0.0366,74.556,0.185,2016,0,7.27232356307287
62991,0.8490000000000001,['The Internet'],0.7,406467,0.414,0,5tqZJUHEuqdN12RZVq2l9p,0.0606,0,0.107,-10.864,1,Hold On,61,7/20/2018,0.0373,60.479,0.444,2018,0,7.285737474684707
169434,0.135,['Mild High Club'],0.667,152825,0.40700000000000003,0,7qPdc4CH1GGZaHBImyoZ69,0.121,9,0.0961,-9.467,1,Tesselation,60,8/26/2016,0.0321,73.998,0.547,2016,0,7.3042706902212355
106952,0.9129999999999999,['Halsey'],0.513,220541,0.25,0,44n97yHySt0Z9rqPaXgjCK,0.0,5,0.11699999999999999,-9.376,0,Sorry,76,6/2/2017,0.0367,74.10300000000001,0.35100000000000003,2017,0,7.399215646000936
55555,0.0122,"['Thomas Rhett', 'Kelsea Ballerini']",0.235,216960,0.66,0,7p9zIciejn8GXnsRdG9EQR,0.0,7,0.159,-6.1339999999999995,1,Center Point Road,61,5/31/2019,0.0491,64.21,0.14400000000000002,2019,0,7.4379154940094
87595,0.153,['Mild High Club'],0.546,177493,0.46799999999999997,0,7pegxVesMmE2qK0o58xoFG,0.00257,5,0.321,-8.167,1,Homage,75,8/26/2016,0.0287,73.372,0.41600000000000004,2016,0,7.466417812862133
107187,0.128,['Polo G'],0.71,195587,0.49,1,3NqCEpT8xsHdzpiRlM1kpS,0.0,1,0.0942,-9.832,1,Through Da Storm,74,6/7/2019,0.24600000000000002,74.351,0.621,2019,0,7.47914041625272
23776,0.299,"['Run The Jewels', 'Joi']",0.593,209667,0.593,1,2idO0oVcOGNmjjduOc9ntN,0.001,10,0.308,-8.443,1,Down (feat. Joi),54,12/25/2016,0.193,73.609,0.161,2016,0,7.4814311395631306
161232,0.5760000000000001,['Brent Faiyaz'],0.655,183022,0.17800000000000002,1,7dQeS4ErW1iWvnKdrtKwKr,5.36e-05,1,0.09699999999999999,-12.522,1,Around Me,64,10/19/2018,0.0635,75.003,0.127,2018,0,7.498138997167356
169412,0.988,['Johannes Bornlöf'],0.5329999999999999,152747,0.0842,0,4JX3QGip45EV6Ne0uvV9NK,0.91,8,0.111,-17.49,1,Reminiscence,65,6/17/2016,0.0494,61.773,0.19699999999999998,2016,0,7.5166829563328665
24138,0.9179999999999999,['Sleepy Hallow'],0.8320000000000001,117033,0.3,1,2K7b2hTAXej5y014uvwUA6,5.920000000000001e-05,4,0.115,-8.982000000000001,0,Anxiety Freestyle,56,6/5/2020,0.733,73.995,0.535,2020,0,7.535069460031383
169870,0.0344,['Brantley Gilbert'],0.308,178419,0.616,0,2AqbOAAgaNRygNIJYcM69I,4.01e-06,8,0.102,-6.947,1,Hard Days,61,6/5/2020,0.0363,72.273,0.41,2020,0,7.54669543397598
55208,0.319,['Housefires'],0.494,426715,0.522,0,7g6LwD8T8nYuuDj6l62nSL,0.0,2,0.67,-6.723,1,Yes and Amen,55,8/12/2016,0.0291,72.009,0.188,2016,0,7.547409055830018
77741,0.0558,['Matt Maeson'],0.6679999999999999,180320,0.491,0,1lLGOHbOgsrJ2tFQYKNK44,0.0,0,0.15,-8.997,0,Me and My Friends Are Lonely,58,3/31/2017,0.111,74.028,0.49,2017,0,7.557951074598526
135187,0.316,"['Mounika.', 'Cavetown']",0.8240000000000001,127138,0.29600000000000004,0,3DYZKxjG8SZrWpVcoUilqQ,0.0115,10,0.0742,-13.56,1,Cut My Hair,67,6/24/2017,0.138,75.008,0.287,2017,0,7.562369155960641
135452,0.496,"['S1mba', 'DTG']",0.613,167917,0.624,1,4slSrbTK1sNK4I1mDYEthf,0.0,11,0.28300000000000003,-6.66,0,Rover (feat. DTG),86,3/4/2020,0.20600000000000002,62.948,0.804,2020,0,7.641581368147895
169495,0.0973,"['Young Dolph', 'T.I.']",0.483,227225,0.574,1,23nOXuK95DPOiO62Ixgzza,0.0,10,0.057999999999999996,-5.16,0,Foreva,55,8/26/2016,0.469,66.773,0.45399999999999996,2016,0,7.663987284437848
126012,0.867,['SadBoyProlific'],0.7929999999999999,89652,0.441,1,1A43TfohQt3H6K5zg28ExD,0.0,2,0.111,-10.297,0,Dead and Cold,71,11/10/2018,0.579,74.74600000000001,0.753,2018,0,7.678404574260532
70543,0.284,"['Free Nationals', 'Daniel Caesar', 'Unknown Mortal Orchestra']",0.552,277046,0.741,1,0cciBj4236w1xByzZvn92D,8.2e-05,11,0.33399999999999996,-5.419,0,Beauty & Essex,62,12/13/2019,0.0542,69.709,0.718,2019,0,7.690553951083694
97439,0.0312,"['2 Chainz', 'Ty Dolla $ign', 'Trey Songz', 'Jhené Aiko']",0.8220000000000001,210200,0.502,1,6H0AwSQ20mo62jGlPGB8S6,0.0008869999999999999,7,0.114,-7.38,1,It's A Vibe,74,6/16/2017,0.14800000000000002,73.003,0.525,2017,0,7.722183175956393
125768,0.281,['Twenty One Pilots'],0.652,236827,0.295,0,19W5OTEcQI3ZoRW1HERMyy,1.0300000000000001e-05,2,0.0809,-11.045,1,Cancer,67,9/14/2016,0.0477,75.065,0.196,2016,0,7.756469365556599
8070,0.0519,['Fivio Foreign'],0.5379999999999999,235009,0.6779999999999999,1,2n5tZGBgPZ4qeQH7UcTJgN,0.0,2,0.11900000000000001,-5.611000000000001,1,Wetty,67,3/27/2020,0.381,70.444,0.524,2020,0,7.762687383633647
87696,0.42200000000000004,"['Daniel Caesar', 'Kali Uchis']",0.6579999999999999,278180,0.294,0,7zFXmv6vqI4qOt4yGf3jYZ,5.2000000000000004e-05,4,0.0749,-8.533,0,Get You (feat. Kali Uchis),77,8/25/2017,0.0321,74.038,0.358,2017,0,7.771928851437647
135071,0.426,"['Daniel Caesar', 'Kali Uchis']",0.659,277297,0.295,0,6N3qHjcwly8ZuhE4bPYJAX,6.95e-05,11,0.0795,-8.527999999999999,0,Get You (feat. Kali Uchis),63,10/21/2016,0.0322,74.03699999999999,0.36,2016,0,7.773654708791104
55618,0.307,['Terrian'],0.35600000000000004,235185,0.462,0,6ezWbOb22Pih3yFT0DTyUD,3.4899999999999995e-05,1,0.217,-8.317,0,Let Love Lead,64,2/14/2020,0.0337,73.889,0.18899999999999997,2020,0,7.777410992898852
39920,0.708,"['Daniel Caesar', 'Syd']",0.395,226116,0.409,1,3E895HtTn6lB40SA0l9EkL,1.62e-05,6,0.0982,-8.58,1,Take Me Away (feat. Syd),60,8/25/2017,0.055999999999999994,74.08800000000001,0.193,2017,0,7.779751047095626
77619,0.593,"['Yung Bae', 'atlas']",0.575,133146,0.863,0,0IIXLBW4SnmgN0XfC2n2ZG,0.0,7,0.29100000000000004,-8.552,1,Holding Your Hand,53,10/28/2016,0.297,74.035,0.521,2016,0,7.784972061993858
116442,0.302,['Bishop Briggs'],0.733,216133,0.47700000000000004,0,3mRLHiSHYtC8Hk7bzZdUs1,2.97e-06,2,0.0579,-6.737,0,River,76,4/20/2018,0.0687,62.507,0.545,2018,0,7.839662213636835
39914,0.35100000000000003,['half•alive'],0.5920000000000001,199056,0.728,0,0zms6rKU9lh6BbIrp1gDcZ,1.0300000000000001e-05,7,0.45899999999999996,-6.3420000000000005,0,Aawake At Night,61,4/24/2017,0.205,62.966,0.395,2017,0,7.881620582013456
169699,0.299,"['A$AP Rocky', 'Moby', 'T.I.', 'Kid Cudi']",0.322,315773,0.754,1,3oHkMCVJyOcjg5FhfLc2Rq,0.0,10,0.136,-6.416,0,"A$AP Forever REMIX (feat. Moby, T.I. & Kid Cudi)",65,5/25/2018,0.275,62.839,0.392,2018,0,7.897650866303541
31969,0.447,['Kiana Ledé'],0.789,181267,0.435,1,0TYhf0MgEj4YJaKwo5c4Km,0.0,1,0.135,-7.042000000000001,0,Wicked Games,63,7/13/2018,0.0599,72.973,0.456,2018,0,7.903914231317603
116408,0.495,['TEMPOREX'],0.546,180846,0.669,0,5H2WmzaijYOGTHeHdM3w9P,0.735,2,0.25,-10.806,1,Nice Boys,68,1/11/2017,0.10300000000000001,75.14399999999999,0.337,2017,0,7.9231196479685195
23778,0.505,['Lewis Del Mar'],0.62,238400,0.515,1,3TTVgqpcMhzeymFY0OJ4Ia,6.500000000000001e-05,4,0.10300000000000001,-8.174,0,Wave(s),59,1/15/2016,0.172,73.997,0.375,2016,0,7.938438584765896
116704,0.875,['Brent Faiyaz'],0.679,236704,0.281,1,2CzUlaKN1mvb0szagSR3ux,0.00305,3,0.215,-15.505,0,Fuck The World (Summer in London),73,2/7/2020,0.203,74.997,0.233,2020,0,7.985335493454543
152559,0.49200000000000005,['Walker Hayes'],0.657,180600,0.625,0,6tn2Atd1S4DVoQnls5x4SR,0.0,4,0.155,-8.097000000000001,1,Shut Up Kenny,62,12/8/2017,0.0527,73.999,0.504,2017,0,7.992783230891781
144218,0.34,['We The Kingdom'],0.469,242227,0.5660000000000001,0,1xI9KSGNJB2eka8FMvovvi,0.0,7,0.203,-6.966,1,Holy Water,66,9/13/2019,0.0357,73.047,0.292,2019,0,8.012623351688568
135339,0.507,['Lil Peep'],0.622,217000,0.34700000000000003,1,08AJ0xQv5LRZsvXf1Jkr2y,0.00421,8,0.0841,-13.292,1,Gym Class,72,4/11/2019,0.0649,75.512,0.0757,2019,0,8.02486473225717
70313,0.109,['Deep Rain Sampling'],0.15,243864,0.973,0,5fDLBww6T5FfBl5QlvvnTf,0.9740000000000001,1,0.8109999999999999,-18.407,1,Water Sounds Rain,60,4/12/2017,0.0784,72.983,0.0237,2017,0,8.046198672418237
70560,0.778,['Smith/Hill'],0.275,175800,0.201,0,6WvrWe1fnO2ntO1hjL8m8b,0.927,11,0.11199999999999999,-20.327,1,Onehundredfive,61,9/3/2019,0.0447,70.005,0.0382,2019,0,8.05423061788182
31854,0.49200000000000005,['Seckond Chaynce'],0.63,234867,0.441,0,5DHHbWpMMfNQsJ5CpJKD4i,0.0,1,0.11900000000000001,-9.829,0,Head Over Heels,57,5/18/2017,0.0355,60.011,0.505,2017,0,8.05917188401048
77636,0.305,['Tekno'],0.5529999999999999,242893,0.5529999999999999,0,3ddd0nUY2jZtPYzg0r0wTb,0.0581,6,0.0715,-6.818,0,Pana,61,12/20/2016,0.305,72.949,0.664,2016,0,8.072653381325432
97470,0.491,['Kesha'],0.5760000000000001,230267,0.39,0,0jdny0dhgjUwoIp5GkqEaA,0.0,10,0.111,-7.202000000000001,1,Praying,74,8/11/2017,0.0297,73.433,0.319,2017,0,8.10934473160594
7777,0.726,"['Austyn Johnson', 'Cameron Seely', 'Hugh Jackman']",0.253,60453,0.139,0,66y7x28jXOPrcmu3D5Zjh6,5.01e-05,6,0.26899999999999996,-17.067,1,A Million Dreams (Reprise),66,12/8/2017,0.0414,74.369,0.102,2017,0,8.12250737721819
87612,0.0307,['6LACK'],0.41700000000000004,246773,0.58,1,4AtZRwSR8BOTTQg5ihSggt,1.45e-06,9,0.179,-4.574,1,PRBLMS,73,11/18/2016,0.207,68.58,0.139,2016,0,8.272312282245975
107116,0.231,['Kiana Ledé'],0.763,222387,0.537,0,47cQCF21TczFSmGfpd7c07,0.0,9,0.109,-7.018,0,EX,72,7/13/2018,0.24600000000000002,73.51,0.426,2018,0,8.315527007112959
55547,0.326,"['Kiana Ledé', 'Lil Baby']",0.775,196133,0.537,1,4LfoYkTuIPgJ2RlNkN5P5C,0.0,0,0.0792,-6.978,1,EX - Remix,63,3/8/2019,0.141,73.484,0.40299999999999997,2019,0,8.315971282178943
161266,0.54,['Noah Schnacky'],0.504,216993,0.47200000000000003,0,1p61zyWNtBhbbAFzg4HUiq,0.0,9,0.306,-6.925,1,Hello Beautiful,64,1/27/2018,0.0404,73.521,0.313,2018,0,8.36640849624407
135305,0.976,['XXXTENTACION'],0.35600000000000004,99658,0.14300000000000002,0,16x9bQHw8TBNaGDyULvwad,1.89e-05,9,0.111,-15.148,1,before I close my eyes,70,3/16/2018,0.0388,75.52199999999999,0.33399999999999996,2018,0,8.373610353543027
70237,0.644,['dodie'],0.518,267300,0.276,1,7a9udNo0GU97xnMAkjLdmE,0.136,2,0.35600000000000004,-15.953,1,Sick of Losing Soulmates,57,11/18/2016,0.038,75.263,0.10800000000000001,2016,0,8.400337900705244
135211,0.168,['Decidic FX'],0.061,279650,0.997,0,5izkpKVqd3GcRkYFBm9WOn,0.988,10,0.905,-20.579,1,Breeze Rain,68,5/5/2017,0.0747,70.067,0.00271,2017,0,8.422005835911355
23891,0.34,['Hobo Johnson'],0.556,202285,0.69,1,0J8oh5MAMyUPRIgflnjwmB,0.0,7,0.0976,-6.499,1,Romeo & Juliet,59,11/7/2017,0.754,61.93899999999999,0.642,2017,0,8.427710965975587
16117,0.7879999999999999,['Lana Del Rey'],0.545,247150,0.26,1,6OG05bPAwUuV3OMvy2Vy1P,0.00099,9,0.105,-12.668,1,Mariners Apartment Complex,70,8/30/2019,0.0289,75.962,0.185,2019,0,8.449548582807543
77829,0.927,['potsu'],0.563,172800,0.3,0,5Mn3siu0XehRb9kTEPqotX,0.655,11,0.23399999999999999,-16.664,0,just friends,61,7/17/2018,0.0512,74.971,0.38,2018,0,8.461638651941183
106895,0.519,"['Hoodie Allen', 'blackbear', 'Kyle']",0.61,214413,0.6409999999999999,1,7HytU9V8vMCUayply0lYBq,0.0,9,0.902,-4.352,0,Champagne and Pools (feat. Blackbear & Kyle),65,1/22/2016,0.268,67.413,0.852,2016,0,8.464088610478095
135119,0.748,['Taylor Ray Holbrook'],0.517,200417,0.446,0,3BGNdJigkDQsuz5zJuz1SD,0.0,5,0.0914,-5.343999999999999,1,Tie Me Down,59,1/15/2016,0.0324,71.633,0.532,2016,0,8.469008745185292
125822,0.0469,['Weather Factory'],0.142,150444,0.91,0,5lyslBBFXOiu2uB0sEdLSa,0.9570000000000001,5,0.509,-20.77,0,Forest Thunderstorm,69,1/9/2017,0.115,65.291,0.0135,2017,0,8.473614801017629
15762,0.102,['DEAN FUJIOKA'],0.397,190045,0.6679999999999999,0,3QjIdDDKoZRyfWDKZC4Ayb,0.0,9,0.0744,-4.292,1,History Maker,62,10/7/2016,0.0855,67.012,0.456,2016,0,8.499131453038308
39978,0.93,['Juice WRLD'],0.5579999999999999,74866,0.384,1,7LoWAhcGbxSkT6trTqXQR6,6.790000000000001e-05,6,0.604,-13.644,0,Intro,61,12/10/2018,0.14300000000000002,75.956,0.8290000000000001,2018,0,8.536651226472028
31962,0.301,"['Kudasaibeats', 'Biskwiq']",0.733,194220,0.547,0,4IGgG3xT8XL64Mf2P69F9d,0.005370000000000001,8,0.38299999999999995,-5.4639999999999995,1,The Girl I Haven't Met (Biskwiq Flip),63,5/6/2018,0.203,71.976,0.295,2018,0,8.556722832383024
97571,0.183,"['Khalid', '6LACK', 'Ty Dolla $ign']",0.652,263014,0.6779999999999999,1,6Hgh47WXVKtXN5zGOu0hjI,3.26e-05,2,0.106,-6.183,1,OTW,76,4/20/2018,0.0541,72.98899999999999,0.28,2018,0,8.568824016978153
135409,0.0343,['Esteban Gabriel'],0.61,119333,0.748,1,0SLnqaBaYLFH3ncId7ClCU,0.0,5,0.0621,-4.232,1,Tirando la H,69,11/13/2019,0.127,68.398,0.741,2019,0,8.61245409079346
55433,0.415,['Nao'],0.452,209467,0.317,0,48WTGGIeSFD5ZMF51Rm4Y9,1.4999999999999999e-05,9,0.184,-9.402999999999999,0,Another Lifetime,63,10/26/2018,0.0478,59.56100000000001,0.272,2018,0,8.631912775022695
87703,0.0251,['Dustin Lynch'],0.5539999999999999,205733,0.743,0,2YMhrXQYKkm4kXLcXKKd5z,0.0,9,0.359,-6.016,1,Small Town Boy,73,9/8/2017,0.0287,72.997,0.6729999999999999,2017,0,8.73645251724205
78054,0.0114,['Gus Dapperton'],0.599,268765,0.45799999999999996,0,2imAA5ofcn4dCRVNjKyEq3,0.00464,10,0.0996,-4.3660000000000005,0,First Aid,62,4/22/2020,0.0266,69.971,0.35200000000000004,2020,0,8.759380761288151
126096,0.007390000000000001,['Brain Timbre'],0.11599999999999999,152811,0.8240000000000001,0,6XOdosD9300UayFoY52NJE,0.937,5,0.7859999999999999,-20.194000000000003,1,Open Window Thunder Sounds,72,10/7/2019,0.0697,71.95,0.0358,2019,0,8.824905738767129
135045,0.716,['dodie'],0.478,267360,0.24100000000000002,0,4hjbxjZpJ8H6qRCzDOGI0M,0.21600000000000003,2,0.354,-17.122,1,Sick of Losing Soulmates,64,10/14/2016,0.0386,75.285,0.11,2016,0,8.934347734783152
144101,0.177,['James Bay'],0.5589999999999999,181360,0.473,0,16XiTUC2rQvb5lmtOm3FYY,1.5e-06,0,0.10800000000000001,-4.147,1,Us,74,5/18/2018,0.0364,69.973,0.341,2018,0,8.956187611085547
62862,0.0916,['Travis Scott'],0.767,216875,0.584,0,3P016R4J4PD1fQMw9FCVsY,0.0,1,0.054000000000000006,-5.678,0,wonderful,53,9/15/2016,0.105,72.971,0.5529999999999999,2016,0,8.962979815107529
15934,0.995,['Elisa Mosel'],0.562,188473,0.0206,0,61FnfOx61kMlzmVfbl5Jtx,0.93,9,0.10800000000000001,-19.857,1,Fields Of Gold,65,10/26/2017,0.0426,72.953,0.207,2017,0,9.019110780228
40220,0.541,['Lil Uzi Vert'],0.7020000000000001,212821,0.768,1,0Ysvyr0E0v0ufJya13gYwJ,0.0,0,0.105,-4.055,1,Chrome Heart Tags,62,3/13/2020,0.0669,70.056,0.574,2020,0,9.068156735303212
152865,0.541,['Lil Uzi Vert'],0.7020000000000001,212821,0.768,1,46mT9NR7N9Zf5MolcrBgE3,0.0,0,0.105,-4.055,1,Chrome Heart Tags,67,3/6/2020,0.0669,70.056,0.574,2020,0,9.068156735303212
63113,0.948,['Rosa Cania'],0.22399999999999998,240917,0.0832,0,1SZWIusKczJ8vloqRTAgsz,0.9209999999999999,2,0.0922,-21.754,1,Symbols,61,10/25/2019,0.0618,68.221,0.10800000000000001,2019,0,9.107257416809135
135297,0.18600000000000003,['Bea Miller'],0.573,185547,0.441,0,6E37j4b44JGpdk297urpKM,0.0,6,0.61,-5.7989999999999995,0,like that,72,2/23/2018,0.0758,61.657,0.389,2018,0,9.115892318694046
126068,0.37799999999999995,['Ariana Grande'],0.7290000000000001,212267,0.475,1,39LmTF9RgyakzSYX8txrow,0.0,8,0.12,-4.985,1,imagine,74,2/8/2019,0.0364,62.52,0.371,2019,0,9.231968031033526
143968,0.9420000000000001,['Sufjan Stevens'],0.252,247808,0.314,0,5c9qm0bMYawSyRNUTmUMs5,0.6759999999999999,5,0.0892,-18.197,0,Visions of Gideon,61,11/3/2017,0.0407,75.056,0.2,2017,0,9.345842582454772
152483,0.391,['Tash Sultana'],0.35200000000000004,341000,0.414,0,1HTqgP13dorct3BltLaB0l,0.00831,4,0.185,-6.6,0,Notion,58,12/19/2016,0.0254,60.042,0.0688,2016,0,9.678392682776675
24115,0.26899999999999996,"['DJ Khaled', 'Travis Scott', 'Post Malone']",0.36200000000000004,206499,0.7140000000000001,0,0b6UoVjUzFyZNpHI0aAhKt,0.0,9,0.21,-3.07,0,Celebrate (feat. Travis Scott & Post Malone),68,5/17/2019,0.0835,67.4,0.309,2019,0,9.690705405491647
161239,0.5579999999999999,['Maroon 5'],0.611,215230,0.462,0,6OEHjJJvdkk1Ln0p0AZdyz,1.01e-06,0,0.131,-7.053999999999999,1,Girls Like You,64,6/15/2018,0.0646,59.635,0.377,2018,0,9.71809536922277
143830,0.015,['Travis Scott'],0.423,313909,0.536,1,6wwruKU956ldDyz55DZTt1,0.0,7,0.095,-3.8,1,first take,63,9/16/2016,0.16,71.313,0.0895,2016,0,9.743832914003862
31749,0.948,"['Mac Miller', 'Bilal']",0.465,256427,0.225,1,1OubIZ0ARYCUq5kceYUQiO,0.00155,4,0.18,-12.637,0,Congratulations (feat. Bilal),58,9/16/2016,0.0455,57.75,0.207,2016,0,9.766104103378435
24082,0.0671,['Kanye West'],0.41,136351,0.8859999999999999,0,2SasoXZyv82yYgHiVOvxQn,0.0,9,0.461,-4.413,0,On God,66,10/25/2019,0.155,72.577,0.39299999999999996,2019,0,9.796640353510226
62962,0.174,['Noah Cyrus'],0.659,192732,0.589,1,5R4HqXCZ6uTjxxnGdLt2S6,0.0,8,0.095,-4.004,1,Stay Together,60,4/14/2017,0.0541,72.015,0.33899999999999997,2017,0,9.847161593882014
161309,0.65,"['Sista_Prod', 'Subvrbs']",0.736,154550,0.27899999999999997,0,2RrZbxdl9nuFMCrO71tXTG,0.000312,9,0.24600000000000002,-16.926,0,Eyes Blue Like The Atlantic,67,4/25/2019,0.903,76.431,0.47600000000000003,2019,0,9.901561507249694
63177,0.879,"['Flovry', 'tender spring']",0.6659999999999999,151731,0.19699999999999998,0,6Fv9r2ov4aWPArkb5cKIZR,0.8809999999999999,4,0.109,-15.365,1,Backpack City,65,11/26/2019,0.0692,77.079,0.12,2019,0,9.962174391970096
40185,0.996,['Miles Patrick'],0.627,92239,0.11,0,7vR65Iy5mH6cD3vWJBnzzA,0.953,8,0.12300000000000001,-19.809,1,Brahms Lullaby,69,2/7/2020,0.0566,74.434,0.695,2020,0,9.96295068621866
63144,0.95,['Sleep Lab'],0.191,155943,0.122,0,19SLzhOkxgb3nns5m2qp93,0.889,0,0.0961,-22.429000000000002,0,Calibration of the Mind,67,11/26/2019,0.0458,65.449,0.0335,2019,0,9.964940581660537
70629,0.965,['Robert Farrugia'],0.233,352015,0.22399999999999998,0,7vELAwkC04g6YjGtgZi3gq,0.9,4,0.0886,-20.733,1,Segments,63,1/20/2020,0.0412,61.652,0.0592,2020,0,9.966736722018148
47967,0.963,['Yonder Dale'],0.142,162625,0.0412,0,63yQS5uf762DJHLssPlrNw,0.813,8,0.129,-22.866,1,Tidal Flow,68,11/8/2019,0.0466,67.3,0.0369,2019,0,10.183514964197038
169486,0.33,['OneRepublic'],0.359,194520,0.713,0,05sCp83gcMm1iecYydKJS3,0.0,5,0.324,-4.526,1,Let's Hurt Tonight,65,12/2/2016,0.0366,61.519,0.272,2016,0,10.1872035714432
31794,0.9740000000000001,['Karin Borg'],0.287,139839,0.0198,0,5bP9JMP7HKh1G3sJtTymgT,0.9420000000000001,6,0.1,-22.851,0,Kebnekajse,60,10/18/2016,0.0393,65.741,0.069,2016,0,10.325837643311315
70532,0.914,['Voyager'],0.114,313846,0.0945,0,2lcjHKGA7xzvlSopMtIOqm,0.966,5,0.374,-22.655,1,Storrold's Point,61,5/13/2019,0.0423,70.307,0.0314,2019,0,10.371960623046396
15927,0.87,['Chris Stapleton'],0.611,216013,0.198,0,1XXl9pl7ObojHbyJetY75n,0.00043200000000000004,5,0.109,-16.525,1,A Simple Song,60,12/1/2017,0.0285,77.301,0.41200000000000003,2017,0,10.50118972002358
39825,0.612,['EDEN'],0.261,274668,0.524,0,6REPF37KwcWMqyk6XCuB7p,2.11e-06,2,0.0923,-6.697,1,Circles,59,8/19/2016,0.0437,58.883,0.11900000000000001,2016,0,10.53964328355241
47811,0.79,['Ebb & Flod'],0.12,192793,0.0436,0,5ASmAe7WcZaLVx6KcCqhW0,0.889,4,0.11199999999999999,-22.044,1,Threads,66,11/30/2018,0.0383,72.339,0.0361,2018,0,10.539764105331056
7938,0.439,['Plested'],0.451,190619,0.452,0,1FDV80LC5JnTDAEjPDovER,0.0,1,0.478,-9.363,0,Worthy Of You,66,12/6/2018,0.0574,57.523,0.386,2018,0,10.56096731961732
126188,0.0301,['Pop Smoke'],0.772,135747,0.878,1,57BGVV6wcyhbn3hsjlqEZB,2.18e-06,2,0.251,-4.22,1,Element,73,2/7/2020,0.324,61.31100000000001,0.305,2020,0,10.583830658815453
32139,0.0283,['Pop Smoke'],0.772,135747,0.879,1,2TRu7dMps7cVKOyazkj9Fb,2.25e-06,2,0.256,-4.22,1,Element,67,2/12/2020,0.34,61.309,0.309,2020,0,10.585765153942944
152580,0.0234,['MISSIO'],0.43200000000000005,212093,0.5579999999999999,1,3nH3Gtm9GQVfiaYDr4AXji,0.00035800000000000003,11,0.0924,-6.843,1,Everybody Gets High,65,5/19/2017,0.28600000000000003,58.748000000000005,0.46,2017,0,10.599737800531154
77882,0.983,['Skye Baird'],0.17,168000,0.0929,0,2YAyMEoG27O7q9aTW0lmvy,0.98,7,0.0745,-23.198,1,Floating,60,8/16/2019,0.0455,70.29899999999999,0.0511,2019,0,10.886301085585723
78030,0.995,['Olivier Mournier'],0.258,129369,0.0356,0,54UQ3Jzm53YkAHpj3BGOQa,0.904,8,0.109,-23.568,1,Pour tous les cœurs du monde,66,1/17/2020,0.0408,68.714,0.282,2020,0,10.950091976144538
39856,0.991,['Aaron Lansing'],0.397,158066,0.0315,0,1JoAjYaI3zvhXVx41HH7Fc,0.9259999999999999,7,0.0925,-22.308000000000003,0,Naive Spin,64,10/20/2017,0.0392,72.833,0.18,2017,0,11.000068670968604
47887,0.971,['S.A. Karl'],0.127,216097,0.0815,0,2BNIB51vC5Xf4s14N57VTH,0.956,9,0.105,-21.016,1,Wren,64,8/9/2019,0.0401,75.115,0.0535,2019,0,11.2968601742265
152686,0.45399999999999996,['Omar Apollo'],0.782,127273,0.494,0,2NCBjlH7FHEG7hXcnvUaWA,6.31e-05,0,0.134,-1.4580000000000002,1,Ugotme,65,5/30/2018,0.0339,65.832,0.401,2018,0,11.410235288336768
135174,0.11199999999999999,['Tranquility Spree'],0.135,220742,0.9990000000000001,0,53QeelegqpAqMah5XNh5ef,0.997,2,0.813,-18.009,1,Perfect Rain,68,5/5/2017,0.0485,77.501,1e-05,2017,0,11.41576475958247
135362,0.8370000000000001,['Billie Eilish'],0.153,119410,0.138,0,3LgWsmilsrWXiPYQFRD0T7,0.55,6,0.254,-21.877,0,goodbye,74,3/29/2019,0.0503,74.318,0.0503,2019,0,11.423289622784887
77805,0.9940000000000001,['Mark Souzek'],0.345,105177,0.113,0,57YVVhWcChlS42r0EmA9aT,0.9009999999999999,5,0.165,-24.203000000000003,1,Les Etudes,63,9/24/2018,0.048,68.528,0.321,2018,0,11.557918415355987
144243,0.469,"['Freddie Gibbs', 'The Alchemist', 'Tyler, The Creator']",0.406,282560,0.524,1,5OkYfk72CNL8XLqa3gp9q7,3.95e-06,5,0.11699999999999999,-11.071,1,"Something to Rap About (feat. Tyler, The Creator)",70,5/29/2020,0.255,56.04600000000001,0.41200000000000003,2020,0,11.599686452798457
47910,0.986,['Steve Mokwebe'],0.326,130192,0.00891,0,6RMjZgsE9IcQZqubTzLtDs,0.934,0,0.111,-24.103,1,It Ends with Us,66,1/2/2019,0.0518,69.79,0.299,2019,0,11.64305449073073
143888,0.9940000000000001,['Cellophane Roses'],0.522,109545,0.00251,0,2dv7Jf570NkaWlW7NcsYTa,0.96,9,0.0891,-23.464000000000002,1,Friendship Before Love,65,12/4/2016,0.11199999999999999,72.002,0.732,2016,0,11.692475115907877
39738,0.986,['Sigimund'],0.331,130033,0.0542,0,5frrMKfRVby9maqYjlBpDB,0.94,7,0.113,-23.525,0,Emptiness,60,7/31/2016,0.0503,71.943,0.0761,2016,0,11.71154981486331
70497,0.9420000000000001,"['Deep Sleep Music Collective', 'Deep Sleep Music Experience', 'Relaxing Spa Music']",0.0687,337500,0.0688,0,3JEY9Vl3Ti02UWy0e60oIE,0.948,11,0.11199999999999999,-21.230999999999998,1,Sleep Music With White Noise,60,7/16/2019,0.0365,75.598,0.0325,2019,0,11.783343768049239
47875,0.927,['Gavin Luke'],0.161,158575,0.10300000000000001,0,3AwLPoRTS7GNMTEb6UjAbw,0.946,1,0.10300000000000001,-21.268,1,The Gift,65,8/10/2018,0.0408,75.65899999999999,0.11,2018,0,11.846766516903454
47664,0.987,['Ari Naman'],0.401,96833,0.006409999999999999,0,230wJHD5YU7cSDWjyWWcoD,0.904,5,0.106,-24.555999999999997,0,Becoming Aware,60,11/2/2016,0.0459,69.241,0.303,2016,0,11.99103654752686
39868,0.629,"['Big Sean', 'Eminem']",0.48200000000000004,325840,0.7809999999999999,1,1MksGqIztTT6M9R1ErKVs8,2.87e-06,11,0.413,-5.334,1,No Favors,60,2/3/2017,0.41100000000000003,57.967,0.336,2017,0,12.099617795781638
70325,0.993,['Heinz Goldblatt'],0.335,119000,0.17,0,5ih49fmvqPDV9Hq7IRzf7U,0.955,10,0.12,-20.236,1,Traveling,62,6/21/2017,0.0517,77.194,0.0781,2017,0,12.290750145374567
70360,0.65,['Flughand'],0.496,140140,0.10099999999999999,0,3PXFeaY00P1xAFCTnxZwiD,0.684,6,0.105,-22.118000000000002,1,Peninsula,58,9/8/2017,0.292,59.551,0.62,2017,0,12.341330186249174
63152,0.982,['Zen Gaya'],0.155,204448,0.0276,0,199TOFLcLwoW2knx6OTC0l,0.9109999999999999,11,0.0973,-24.866,1,Lost in the Clouds,66,3/25/2019,0.0424,69.694,0.122,2019,0,12.373660511183624
55513,0.992,['Tejal Yann'],0.157,271285,0.151,0,211l6gKeErP58kN2gvzuQZ,0.9690000000000001,4,0.17,-24.236,1,Cosmos,64,4/30/2019,0.0424,62.781000000000006,0.0379,2019,0,12.4871399746309
77825,0.991,['Floriscope'],0.426,157980,0.0285,0,4EQeE98JeOcxg9YI5k8WV1,0.938,11,0.0913,-23.47,1,Petals,64,12/18/2018,0.0379,73.84899999999999,0.312,2018,0,12.509469685643142
40232,0.996,['Adelmar Borrego'],0.44299999999999995,100562,0.0248,0,147gCksvDRmjG1pO51ZCcf,0.9670000000000001,11,0.12,-25.351,1,"Twinkle, Twinkle, Little Star",69,1/31/2020,0.0622,68.123,0.52,2020,0,12.681187657156759
77871,0.9890000000000001,['Luna Meguise'],0.402,133524,0.0039,0,1npS27jD8Fm6QpNHmtH5Pq,0.9520000000000001,9,0.10800000000000001,-24.714000000000002,0,Noches rojas,65,6/3/2019,0.0581,71.902,0.182,2019,0,12.802118236683528
106973,0.243,"['Ziv Zaifman', 'Hugh Jackman', 'Michelle Williams']",0.265,269453,0.312,0,0RoA7ObU6phWpqhlC9zH4Z,0.0,7,0.0893,-11.689,1,A Million Dreams,75,12/8/2017,0.0569,54.747,0.0998,2017,0,12.824859445078731
40131,0.9890000000000001,['Luna Meguise'],0.35600000000000004,157195,0.0402,0,1KDGb7d3PHIOI6bLWgLFfV,0.92,0,0.11800000000000001,-25.461,1,Heading West,67,5/13/2019,0.0435,69.595,0.299,2019,0,12.937630698703101
63095,0.7909999999999999,['Headphone Activist'],0.18,177236,0.0584,0,1YXecs93uLgYqxYC1wzBo0,0.674,0,0.105,-23.256,1,Interstellar,62,1/30/2019,0.0484,59.888000000000005,0.0255,2019,0,13.022513651212847
77854,0.996,['Belle Margaux'],0.601,72973,0.0049,0,10SGotpqSWPSvbIyMuWLS9,0.9570000000000001,6,0.0938,-25.680999999999997,1,Theme from the Steps of Life,62,2/8/2018,0.0776,68.645,0.14300000000000002,2018,0,13.03849781478008
16102,0.9940000000000001,['Richard Ramsey'],0.56,118404,0.0196,0,6A72j6HPfF8Y52nPK6BXRk,0.93,0,0.0964,-25.043000000000003,1,Slumber,69,3/8/2019,0.0446,71.694,0.287,2019,0,13.039967203410637
32177,0.992,['Berlioz'],0.498,159125,0.10800000000000001,0,7tDHMhO0bJpbkXzMyMIE0b,0.965,0,0.10300000000000001,-25.641,1,Isla De Flores,69,2/28/2020,0.0721,70.046,0.0551,2020,0,13.193961820318602
55566,0.8959999999999999,['Eleanor Arroway'],0.226,232943,0.16,0,5DJhKbXvR8wcX2cZKmoMg0,0.87,8,0.109,-25.804000000000002,1,Blame Leads to Shame,62,12/10/2019,0.0368,69.031,0.0652,2019,0,13.19466451661523
63088,0.9329999999999999,['Momento'],0.214,181875,0.0667,0,3TT0S61x8x2IFUn8lnqjq9,0.8220000000000001,9,0.0899,-25.204,1,Visions of Sleep and Beyond,63,2/17/2019,0.0422,71.877,0.0473,2019,0,13.24715794183888
70662,0.993,['Peter Ehrlichmann'],0.49200000000000005,57718,0.0465,0,4E0b1oXvrPoxHc9Mh3bYzZ,0.961,2,0.11800000000000001,-25.636,1,Eeny Meeny Miny Moe,66,4/17/2020,0.0424,64.271,0.5710000000000001,2020,0,13.350244666897494
77991,0.996,['Gregory Oberle'],0.562,185250,0.0331,0,0SjsIzJkZfDU7wlcdklEFR,0.961,1,0.111,-25.551,1,John Brown's Song,66,3/20/2020,0.10300000000000001,63.696000000000005,0.386,2020,0,13.415927224982436
7955,0.94,['Momento'],0.115,247500,0.109,0,2mGpfyZuvwQT7qimhly4S1,0.951,2,0.0888,-23.219,0,The Destination,67,9/16/2019,0.0356,76.163,0.0391,2019,0,13.63769970801619
32148,0.9940000000000001,['Maura Bellucci'],0.294,133500,0.0709,0,6L73Pb4dv5p9OOlY1ja32c,0.917,3,0.0991,-26.318,1,Sagittabondo,69,3/27/2020,0.038,66.21300000000001,0.22,2020,0,13.685183897778831
63002,0.9790000000000001,['xerLK'],0.24100000000000002,145714,0.0628,0,3UTIDzn7QvyeU4fl09Wa2B,0.9359999999999999,2,0.0865,-26.156,0,Sandy Foam,60,9/21/2018,0.0488,70.024,0.039,2018,0,13.696707067613914
55579,0.956,['Delle Alpi'],0.261,158424,0.0257,0,6nx6oC4HgnZOxC4dgsPiIU,0.878,1,0.111,-25.711,1,Falling Stars,68,9/12/2019,0.0406,72.32300000000001,0.0795,2019,0,13.876900942430373
70564,0.8759999999999999,['Michel LeBond'],0.15,207056,0.133,0,4tZVecOHfomT1ffDPYN7bP,0.879,5,0.111,-24.177,1,A Spotless Mind,61,8/27/2019,0.0354,75.308,0.0789,2019,0,13.883290159253498
63041,0.99,['Martin Lindgaarden'],0.37799999999999995,178974,0.0369,0,0eQZinXiAeZ75SRcJwuweI,0.8959999999999999,3,0.10099999999999999,-25.859,0,Montauk,63,8/10/2018,0.0369,71.997,0.12,2018,0,13.905901302181926
169796,0.9740000000000001,['Elevie J'],0.155,111522,0.0515,0,0MAXHRBvH3yjPrmaIk0ela,0.9520000000000001,10,0.106,-26.058000000000003,1,Wading in dreams,68,9/18/2019,0.0434,71.405,0.0371,2019,0,13.925554677140333
70588,0.9940000000000001,['Haakon Stange'],0.21600000000000003,147000,0.0819,0,1ZxqvIpfcqYDcV4nP6jxms,0.9540000000000001,9,0.0931,-26.17,1,Finding Hope,68,4/24/2020,0.0444,71.07,0.0911,2020,0,13.941352494504432
32029,0.996,['Regina Mira'],0.493,108770,0.01,0,7x8ILiGyZAFW3F0rPUPYxm,0.9620000000000001,10,0.115,-26.589000000000002,1,October,66,10/19/2018,0.0484,69.47,0.349,2018,0,14.03353323671644
32169,0.993,['Matooma'],0.207,184714,0.0537,0,1GfdC8GouQqL0RKKzgIhXw,0.953,0,0.0991,-26.829,1,Heavenly Harps,63,1/16/2020,0.043,68.227,0.0325,2020,0,14.156042938830929
62938,0.995,['Evelyn Stein'],0.349,207349,0.0205,0,5FoZCDCl6WhrAIm4Ygyjg7,0.93,5,0.0962,-26.793000000000003,1,Quiet Resource,63,2/7/2017,0.0425,68.983,0.0396,2017,0,14.174621262172229
31864,0.993,['Samuel Lindon'],0.573,134000,0.0198,0,0NOzMlTrPHMQ68snNK891G,0.941,3,0.11199999999999999,-25.76,0,La Tour,65,5/11/2017,0.0449,61.978,0.284,2017,0,14.190987284400796
24087,0.976,['Cyrano Brussee'],0.14800000000000002,298750,0.0496,0,5tc7QNc9sOFQoE2ty3H4TJ,0.929,5,0.0839,-26.249000000000002,1,Wacht op mij,66,9/20/2019,0.0442,71.858,0.0398,2019,0,14.23876592918168
63170,0.981,['Leerseite'],0.253,177750,0.11699999999999999,0,2c15DLDKQDhMVWk3CQ2GZ4,0.845,2,0.0948,-21.979,1,Mind Retreat,62,4/29/2019,0.0721,78.36,0.0971,2019,0,14.284720439547456
77766,0.993,['Moux'],0.38,160467,0.0016300000000000002,0,1pgSiIvNXVQAKlMvjvqL0r,0.96,10,0.134,-26.82,1,Back Home,60,1/6/2017,0.0472,69.92399999999999,0.402,2017,0,14.333000166152408
70481,0.9940000000000001,['Roger Reuse'],0.37,128292,0.00271,0,5QfENz96Rk140fmTccgCPa,0.927,0,0.124,-26.980999999999998,1,All Is Well Now,65,4/2/2019,0.0477,69.348,0.245,2019,0,14.402766033305022
47848,0.9690000000000001,['Floriscope'],0.419,175083,0.0168,0,45HRj3YdVgAOLbkSRiJ4l3,0.9390000000000001,0,0.111,-26.478,0,Floriscope,65,11/25/2018,0.0379,63.238,0.278,2018,0,14.431215497179197
55406,0.995,['Novo Talos'],0.321,143251,0.0258,0,7KWhxUrK9ofPTn3ItWceR5,0.915,1,0.13699999999999998,-27.129,1,For the Love of Love,64,9/24/2018,0.0454,67.535,0.255,2018,0,14.432708079775777
77811,0.995,['Oneke'],0.413,162478,0.0433,0,4mnfRzyz2dafyBaXBLZle2,0.919,11,0.10800000000000001,-26.51,1,More than Close,64,9/24/2018,0.0538,62.833999999999996,0.223,2018,0,14.584477733742306
63099,0.97,['Matter and Energy'],0.0902,175643,0.0445,0,531T2IlqucxLsyDPtw6LSv,0.884,1,0.0875,-23.641,0,Quantum,67,6/28/2019,0.0419,77.32600000000001,0.0412,2019,0,14.71145929933618
70266,0.991,['Saga Rosen'],0.546,135833,0.0057399999999999994,0,2zVBNZ94NII3JmBbvdrPq6,0.9,8,0.17,-26.789,1,Gentle Waltz,59,12/11/2016,0.0397,71.99600000000001,0.386,2016,0,14.788242220210792
106982,0.122,['The Rain Library'],0.0608,187291,0.9390000000000001,0,0l1KG1a65GW39PsIEn1H5h,0.991,1,0.912,-26.324,1,White Noise Rain Sound,72,1/9/2017,0.11800000000000001,73.234,0.00558,2017,0,14.842840073665986
144190,0.20800000000000002,['Factorial FX'],0.146,185306,0.321,0,7sQMuVHepJ9oEhXp0qH1Xk,0.9359999999999999,10,0.235,-26.248,1,Rain Droplets,71,9/30/2019,0.0543,73.735,0.0321,2019,0,14.928324569958443
39959,0.973,['Rand Aldo'],0.273,116500,0.0065,0,7IeAd6rhMU9zMG0wccZbwb,0.946,4,0.11199999999999999,-27.214000000000002,1,Between Moments,66,12/7/2018,0.0366,63.427,0.23399999999999999,2018,0,15.084252483833103
169607,0.6890000000000001,"['Rain Sounds', 'Mindfulness Meditation Music Spa Maestro', 'Mindfulness Mediation World']",0.29,130901,0.997,0,7wOv2XP17ZZHzEWoBmbi9t,0.9620000000000001,1,0.9129999999999999,-22.985,0,Awakening Rain,65,10/15/2017,0.0492,78.73,0.00447,2017,0,15.269584405180284
125781,0.494,['Sounds Of Rain & Thunder Storms'],0.18899999999999997,70687,0.9420000000000001,0,1uhaHw0F1csIA0VHPnXU84,0.9670000000000001,5,0.565,-18.397000000000002,1,Storm Rain Sounds,64,12/4/2016,0.0573,53.313,0.013000000000000001,2016,0,15.348437654889343
47809,0.9440000000000001,['chloe moriondo'],0.479,198808,0.0436,0,0ZP3E9L1I0C6rmD0CAKqDc,9.42e-05,0,0.126,-22.849,1,Silly Girl,62,7/31/2018,0.0639,79.141,0.133,2018,0,15.41638226297002
77937,0.995,['Romaine LaGrande'],0.43,124375,0.0517,0,3TuBgx3BBnkN1TiKZEmvEZ,0.92,10,0.11800000000000001,-28.208000000000002,1,Tu me fascines,66,12/6/2019,0.0388,67.693,0.32899999999999996,2019,0,15.509276787007995
7741,0.882,['Billie Marten'],0.29600000000000004,187267,0.342,0,0DwaOWI1kC2s98qLj0LTDd,0.000967,2,0.0748,-11.879000000000001,1,La Lune,63,9/23/2016,0.0471,52.001000000000005,0.0794,2016,0,15.538373884822827
47948,0.9309999999999999,['Donato Manna'],0.19399999999999998,209500,0.0355,0,6f096qqr3TLKBEoWxy8HPg,0.887,4,0.08199999999999999,-28.246,0,For Emmabelle,64,8/10/2019,0.0446,66.56,0.0604,2019,0,15.57635705953176
125750,0.9209999999999999,['Zen Sounds'],0.188,150000,0.079,0,0ob3ppET6D0NPv4kHF5cmu,1.0,1,0.111,-27.896,0,White Noise: Mindfulness Meditations (Loopable),66,12/29/2016,0.049,72.047,1e-05,2016,0,15.866460275251216
55619,0.996,['Zachary Patel'],0.39899999999999997,143000,0.0653,0,0E97LEEOz5rk6wAJr6rNI3,0.955,4,0.105,-28.599,0,Bartram's Garden,67,3/20/2020,0.0688,67.465,0.33,2020,0,15.900694312074078
70606,0.995,['Thomasine Robinson'],0.27899999999999997,140875,0.0579,0,3nZ31x1cLcCRnIRpiOIkPU,0.963,8,0.113,-28.197,1,It is a Beauteous Evening,66,1/31/2020,0.0496,71.138,0.35700000000000004,2020,0,15.920437427596799
77951,0.981,['Eleanor Arroway'],0.18,231116,0.0545,0,7mBZGPbX8nmWRZfhityZda,0.9620000000000001,0,0.0894,-28.084,1,Touch of My Soul,61,8/19/2019,0.0312,71.586,0.0506,2019,0,15.920439752595557
169564,0.605,['Rain Sounds Factory STHLM'],0.14400000000000002,199798,0.9990000000000001,0,1VfrDK40zAC1jzk1Rp6R1j,0.852,10,0.9109999999999999,-23.489,0,Rain Sound : Night Time,64,4/13/2017,0.0419,79.182,1e-05,2017,0,15.938216309114546
24024,0.9890000000000001,['Regina Mira'],0.284,119727,0.0308,0,5VceRZmSDeW6y7ipxiwOvK,0.9279999999999999,1,0.109,-28.498,1,The Winding Paths,67,10/19/2018,0.0432,69.89699999999999,0.59,2018,0,15.984173074827016
97713,0.935,['Billie Eilish'],0.319,242652,0.0561,0,0tMSssfxAL2oV8Vri0mFHE,0.0038399999999999997,0,0.38799999999999996,-23.023000000000003,1,listen before i go,79,3/29/2019,0.045,79.764,0.08199999999999999,2019,0,16.00743780981906
16154,0.971,['Donato Manna'],0.174,212250,0.0422,0,1LLLm2nPAEw0F8nREc7mbe,0.9009999999999999,1,0.111,-28.743000000000002,1,In Peace,67,1/31/2020,0.0445,66.84899999999999,0.0891,2020,0,16.058282037504046
47775,0.996,['Michael Penny'],0.639,113571,0.0291,0,4SZbG1h04TXi6e9JOyjY1z,0.97,1,0.10099999999999999,-27.109,1,Ida's Summer Song,64,5/11/2017,0.0646,74.673,0.43,2017,0,16.096469746998096
7966,0.9440000000000001,['Gemma Casimaty'],0.187,164125,0.0911,0,0MrDqmqbP0xS9sGedtiuAC,0.9209999999999999,0,0.10400000000000001,-28.802,1,Will you be there when I wake up,70,8/24/2019,0.0489,66.282,0.359,2019,0,16.1513469183231
55392,0.9940000000000001,['Joel Lyssarides'],0.23,135467,0.0274,0,4rcbkYwipgC6L1GQzPhZoK,0.9329999999999999,8,0.0993,-29.02,0,Silent Agreement,65,8/24/2018,0.0449,68.028,0.0394,2018,0,16.330373389363295
40192,0.991,['Desolate Horizons'],0.153,160000,0.214,0,7qrFwjD4GmpDli3OmAAkCY,0.9440000000000001,4,0.133,-28.989,0,More Than Anything,64,1/10/2020,0.0415,68.834,0.0328,2020,0,16.345192310157287
23944,0.996,['Granular'],0.121,133583,0.633,0,4RTVyXYNmaKyqVDnmU4gJZ,0.424,10,0.126,-24.715,0,Dream,67,9/5/2018,0.055999999999999994,78.844,1e-05,2018,0,16.50876607824233
70420,0.993,['Jonathan Coffey'],0.733,164676,0.00703,0,2DTi3hxKgiIJE1M9zwWvQB,0.978,2,0.106,-25.595,0,No Struggle - No Progress,63,12/13/2018,0.0872,78.006,0.29,2018,0,16.633857440381195
47961,0.968,['Intentional Vibes'],0.0797,226364,0.032,0,37bWNUTzhM1DvYyOEXY0rC,0.977,5,0.364,-28.533,1,...There You Are!,64,2/21/2019,0.0464,62.398999999999994,0.0715,2019,0,16.649766556802685
77810,0.966,['Claes Nilsson'],0.115,168857,0.0197,0,6tLFPu4tSmS5LccfUNtbN6,0.9279999999999999,4,0.195,-25.263,0,Beyond Barricades,63,12/29/2018,0.0375,78.449,0.0651,2018,0,16.66807753989718
77883,0.976,['Naturally Recurring'],0.225,208889,0.0131,0,5ca7B7Qi2gpzPELK9lBab0,0.958,5,0.0864,-29.096,0,Finding Calmness,66,3/25/2019,0.0405,64.27,0.0762,2019,0,16.717037833480695
39968,0.927,['Hushed'],0.27,216678,0.0205,0,7AcNOiZhA5jRxCp5c3wOyz,0.91,3,0.113,-29.372,1,Hibernation,65,10/19/2018,0.0359,69.882,0.109,2018,0,16.838136100115864
77941,0.9279999999999999,['Mayol'],0.0713,210000,0.0878,0,6i1azfJNXmsV9fNIA41tea,0.882,5,0.111,-25.28,1,Descending,65,10/8/2019,0.044000000000000004,78.782,0.0595,2019,0,16.898162431638088
32131,0.9540000000000001,['Jupiter Grains'],0.209,112312,0.0219,0,3tCBeat5YZBwLf61yoQJ9v,0.938,5,0.10400000000000001,-25.95,1,Untitled,68,9/12/2019,0.0344,78.336,0.0358,2019,0,17.11680420510864
47940,0.996,['Elsa Greeve'],0.212,177250,0.007490000000000001,0,4CVtPhfKMyA8ST6ZQhJvZY,0.9309999999999999,2,0.0761,-29.575,0,Catastrophically in love with you,67,10/11/2019,0.0352,71.061,0.0985,2019,0,17.245360708785565
78029,0.9670000000000001,['Sleep Lab'],0.193,196218,0.105,0,2DekjNJII6yEgm8HwOqQWq,0.953,0,0.10300000000000001,-24.289,1,Calibration of Life,61,1/20/2020,0.0449,80.321,0.0374,2020,0,17.284230197090782
63153,0.99,['Benette'],0.368,161267,0.00892,0,4UlarjdicLUPbdssOxWbYX,0.9109999999999999,10,0.102,-29.555,1,Lily's Cradle,66,5/13/2019,0.05,63.638999999999996,0.287,2019,0,17.292586726179085
16071,0.9940000000000001,['Echo River'],0.308,197500,0.0264,0,40f4bFrEnG7TBLD7FFRqQj,0.813,5,0.0838,-29.093000000000004,1,Farewell,69,3/21/2019,0.0422,73.06,0.10099999999999999,2019,0,17.300306609306816
70555,0.973,['O.A.S.'],0.111,206997,0.0597,0,1I217X8W4dL6niEzXOf2nQ,0.9640000000000001,0,0.105,-28.951,1,Jupiter Song,60,11/8/2019,0.0414,73.632,0.036000000000000004,2019,0,17.37086585567988
77807,0.995,['Kasper Schill'],0.38799999999999996,168183,0.0352,0,527OzwwTayP2ZYijImtf1B,0.9359999999999999,5,0.155,-27.79,1,Ava,63,7/27/2018,0.0614,76.21,0.442,2018,0,17.42092088283581
77844,0.996,['Jean Petri'],0.701,110434,0.0050100000000000006,0,5nMsoz257d3AbY8O8FC4Jx,0.9670000000000001,10,0.0981,-29.278000000000002,1,Loveliness,63,11/9/2018,0.0724,62.028,0.545,2018,0,17.46665580144422
70520,0.993,['Chama Wijnen'],0.313,176500,0.0072900000000000005,0,0KvgYjNjdjpgjanBhUnSfO,0.7959999999999999,9,0.106,-29.599,1,Reaching,66,5/25/2019,0.0388,72.082,0.0799,2019,0,17.498707686572878
125829,0.201,['Fabricantes De Lluvia'],0.0551,216475,0.0644,0,3bgRHchoi3xqrqumvMC4tV,0.903,1,0.41200000000000003,-30.22,1,Smooth Rain,69,1/9/2017,0.0662,65.613,0.0216,2017,0,17.63751615523073
47685,0.9940000000000001,['Michael Penny'],0.298,189713,0.0037,0,3mBy5mXHvUJ7sRr9Bz7zK9,0.932,4,0.102,-30.052,1,Nocturne,63,5/11/2017,0.0386,70.806,0.134,2017,0,17.660677273989947
23784,0.987,"['Edvard Grieg', 'Alessio Bax']",0.29600000000000004,220773,0.0435,0,2GJFu2G9fhaYFrOoX9bejs,0.857,0,0.0786,-29.73,1,"Lyric Pieces, Book 5, Op. 54: Nocturne",61,1/8/2016,0.0411,72.282,0.0302,2016,0,17.680653816983828
70551,0.996,['Dreamscaper'],0.21100000000000002,276875,0.0287,0,7FpuImiEfUmOWKKi4UyO9y,0.955,5,0.0896,-30.39,1,Call to Rest,66,6/24/2019,0.0633,68.09899999999999,0.325,2019,0,17.70126708391309
47965,0.988,['Donald Beaudoin'],0.067,192500,0.0346,0,1nIVZg8EmaIZD5FuJ5nOuw,0.9390000000000001,7,0.122,-29.991999999999997,1,Boötes,62,9/27/2019,0.0535,71.583,0.0395,2019,0,17.76894343443146
169609,0.996,['Réka Ioescu'],0.391,152231,0.0024100000000000002,0,3Se2ifaSm69Np4OtyaNNKa,0.9490000000000001,7,0.134,-30.569000000000003,1,Endymion,68,9/29/2018,0.079,67.191,0.38799999999999996,2018,0,17.871277958896087
161338,0.992,['Václav Slezák'],0.124,237500,0.0399,0,5NDJhWYEfJbARTnlyXISpP,0.894,6,0.18,-29.689,0,Trpělivost růže přináší,69,9/13/2019,0.0721,73.366,0.0928,2019,0,17.97000477367841
16090,0.993,['Arlette Leduc'],0.172,197000,0.0223,0,2QuojUtKiQ7l8ZQMDelt3s,0.937,2,0.0959,-30.281,1,Coralia,68,4/21/2019,0.0395,71.37899999999999,0.0381,2019,0,18.002331902729292
63125,0.986,['Spirit Minds'],0.22,207000,0.0514,0,0Ycl08JD5MBn28OPznygwz,0.897,7,0.129,-25.116,0,Spaces,61,9/7/2019,0.0445,80.671,0.0358,2019,0,18.09811241500132
70632,0.992,['Václav Slezák'],0.237,259000,0.0311,0,1v8nEP8CRicvuRiGxxjZF6,0.907,2,0.0998,-30.822,0,Snesl bych ti modré z nebe,62,2/7/2020,0.0528,68.753,0.13,2020,0,18.161338753682912
8007,0.977,['Havanna Chandri'],0.264,127865,0.0148,0,7vfYsS34eZojVLXsknEj1J,0.892,3,0.107,-28.971,1,My Sleeping Rose,68,9/18/2019,0.040999999999999995,75.587,0.0495,2019,0,18.163523473600183
32047,0.977,['Lori Dulac'],0.12,191000,0.018000000000000002,0,5CC8QT7TuttcXXSlj5cx2T,0.863,2,0.11900000000000001,-30.883000000000003,0,cognizant,69,9/6/2019,0.0357,68.249,0.0924,2019,0,18.195351549393738
78003,0.738,['Everaire'],0.28600000000000003,200435,0.0636,0,10UIoOEhsy1iX1mYubyw96,0.897,0,0.122,-26.849,1,Dark Light,64,3/18/2020,0.0383,79.536,0.0385,2020,0,18.569065381866285
15937,0.696,['Antologie'],0.12,184642,0.0585,0,1aa3A3F6b5FZFtXAhtrybK,0.9390000000000001,3,0.11,-27.623,1,Time Travel,67,12/14/2018,0.0383,78.66199999999999,0.0397,2018,0,18.63383679938259
55487,0.9940000000000001,['Ferdinando Zetticci'],0.22399999999999998,206000,0.0138,0,2Ud0BKOtLvXRFXXE6ikCKn,0.904,10,0.105,-30.011,0,Sonnambulismo,67,9/27/2019,0.0367,60.583999999999996,0.0863,2019,0,18.645160145893758
55556,0.993,['Phillipp Vogler'],0.14300000000000002,218500,0.006790000000000001,0,775dmuIRQojrplsns8VKen,0.925,10,0.115,-30.543000000000003,0,Schwebend,67,8/4/2019,0.039,62.001000000000005,0.0624,2019,0,18.675954852700972
47788,0.9940000000000001,['Elskavon'],0.249,155250,0.00248,0,5hAsWMGQXBjDjYMoIlP9Ak,0.9309999999999999,2,0.11800000000000001,-30.500999999999998,1,Soft Night,66,8/10/2018,0.036000000000000004,73.601,0.0788,2018,0,18.812482623684332
55376,0.9940000000000001,['Max Richter'],0.518,141494,0.00783,0,77O9eTcQpYwCnANBQHjGDQ,0.9570000000000001,0,0.111,-30.163,0,Lamentation For A Lost Life,62,9/15/2017,0.0468,74.609,0.051,2017,0,18.84803028395606
63110,0.991,['Francesca Caroléo'],0.136,173500,0.0152,0,5ptMWCoMxUP5phRKZ5MyBx,0.9109999999999999,7,0.0574,-31.307,1,Celandine,68,6/14/2019,0.0494,70.955,0.0376,2019,0,18.92180334207141
47800,0.992,['Julius Aston'],0.268,173697,0.0058,0,2pypBNUUzViaP7Dswi9zpF,0.929,10,0.124,-31.607,1,A Clear Mind,65,5/8/2018,0.0466,69.709,0.126,2018,0,19.030849047166154
126004,0.937,['Crafting Audio'],0.107,162407,0.23600000000000002,0,3kxUcpFquT4ZdvJC1Nyu5q,0.0138,11,0.111,-26.609,0,Cabin Noise Focus,71,11/13/2018,0.0579,80.628,0.00228,2018,0,19.100827581453764
144209,0.99,['Irizarry Barraza'],0.17600000000000002,212000,0.0327,0,54IZYicWqjVsicv07CaP3m,0.905,7,0.109,-31.7,1,Nechama,70,11/29/2019,0.0555,69.567,0.0545,2019,0,19.10765835067251
55360,0.992,['Benjamin Gustafsson'],0.289,161020,0.028999999999999998,0,3ruGcz1vh9wdcLJ7IF4ek2,0.9059999999999999,1,0.133,-31.863000000000003,1,Dormiveglia,61,11/17/2017,0.0285,66.942,0.4,2017,0,19.167613852434137
77950,0.993,['Koby Laver'],0.265,192000,0.0147,0,53Mz4V3XL02YupbVnJKfMl,0.9490000000000001,8,0.10300000000000001,-31.932,0,Close your eyes,66,8/16/2019,0.035,67.676,0.0745,2019,0,19.229942437668
169577,0.977,['Beth McLaughlin'],0.6559999999999999,152000,0.175,0,0tPLCqTT1rEHbv9Ruxtnwh,0.899,0,0.0912,-28.548000000000002,1,Brahms Lullaby,70,5/11/2017,0.217,78.843,0.452,2017,0,19.480568715415497
161160,0.214,['Rain Man Sounds'],0.377,227014,0.762,0,3EJ9kJd7Hm75NQXAHinW5h,0.9209999999999999,10,0.86,-32.257,0,Light Intense Sleep Rain,65,5/6/2017,0.461,66.874,0.0331,2017,0,19.592848167278408
55332,0.9890000000000001,['Moon Laika'],0.27899999999999997,106315,0.00639,0,6LnG3cueIxb0SpZP3AfdUw,0.838,0,0.109,-32.406,1,Triangle,62,6/27/2017,0.0383,68.484,0.175,2017,0,19.721148491102767
135266,0.18,['Rain Sounds For Sleep'],0.0716,144727,0.948,0,4eHq5gcF7S78ouJxR12mGc,0.9440000000000001,0,0.6920000000000001,-27.25,0,Sleep Well Rain Sound,70,1/11/2018,0.0697,80.956,0.00548,2018,0,19.845268302706945
125772,0.508,['The Relaxing Sounds of Swedish Nature'],0.157,242000,0.9990000000000001,0,6p2gLCLxUjIyXB9S06jef2,0.981,7,0.48700000000000004,-17.798,0,Rain for Sleep,65,9/16/2016,0.0634,48.278,0.007790000000000001,2016,0,19.93850697620374
77885,0.981,['Leah Maur'],0.203,161312,0.00541,0,1IdZJSn4MgU8nGWVQGm25D,0.902,0,0.111,-32.599000000000004,1,For now,66,8/16/2019,0.0382,69.264,0.0511,2019,0,19.971210840710814
78039,0.9790000000000001,"[""Charmaine D'Avis""]",0.17600000000000002,203500,0.0244,0,64zhFuKM4TwZ0dcKogeKAN,0.8640000000000001,2,0.0881,-32.609,1,Rêvasseur,66,1/24/2020,0.0391,64.747,0.0932,2020,0,20.09391394890565
77923,0.981,['Scintillante'],0.266,179000,0.00688,0,2dtIoZ0tJ3EH3EcxAkGNE8,0.8370000000000001,6,0.10099999999999999,-31.019000000000002,1,È ora di dormire,65,11/22/2019,0.0414,75.929,0.0667,2019,0,20.153621986144945
47962,0.95,['Granular'],0.23,182424,0.899,0,3xsQw4CVKtM6xS9LnnRBLE,0.96,1,0.111,-31.604,0,Brown Noise 355 LPF,65,1/11/2019,0.0512,74.882,0.0014199999999999998,2019,0,20.295107278908997
70538,0.993,['Artemio Li Fonti'],0.256,232750,0.00486,0,1pFCkU2BQHr0mJIj05KXSD,0.872,5,0.111,-33.196999999999996,1,Chiudete Gli Occhi,67,6/1/2019,0.0403,68.869,0.057999999999999996,2019,0,20.53421118708057
55638,0.993,['Clyde Boudreaux'],0.133,151750,0.00512,0,0kKOC50fPTnqmrYvtJInsT,0.851,9,0.0954,-33.295,1,Nepenthe,68,1/31/2020,0.038,67.818,0.0495,2020,0,20.59095454757805
70400,0.963,['Trevor Kowalski'],0.354,193792,0.015,0,72cj11O7lJBQiLu3dXzKLV,0.894,5,0.11800000000000001,-33.438,1,The Garden's Light,64,9/28/2018,0.039,66.738,0.0899,2018,0,20.743735649010404
135302,0.9570000000000001,['High Altitude Samples'],0.0559,171719,0.33799999999999997,0,0KByxc2bldSo9PtAQQnipz,1.0,10,0.11199999999999999,-31.434,0,Cabin Back Noise,71,11/15/2018,0.10400000000000001,58.227,0.0212,2018,0,20.911985033851405
77575,0.992,['Charlie Key'],0.466,145812,0.00472,0,181ybi6b0dYJBcQzETKv67,0.938,5,0.0712,-28.546,1,Song for A,62,7/16/2016,0.0531,81.181,0.233,2016,0,20.926529631891302
77700,0.8690000000000001,"['Steven Universe', 'Deedee Magno Hall']",0.643,138006,0.19899999999999998,0,2eqzI3kGqPk93vz8RkASfA,0.0,0,0.106,-12.19,1,It's Over Isn't It (feat. Deedee Magno Hall),58,6/2/2017,0.0581,46.571999999999996,0.386,2017,0,20.949764568033345
7708,0.9890000000000001,['LUCHS'],0.358,192750,0.00409,0,5PYHriludkxUAvdUZvs0xj,0.935,10,0.0998,-28.239,0,Reverie,62,6/17/2016,0.0475,81.654,0.10800000000000001,2016,0,21.011514490729237
23995,0.9690000000000001,['kwajbasket'],0.187,207386,0.0246,0,3l2aKoxhYUlv9THMneynIu,0.728,4,0.0889,-33.493,1,The Only Thing Left,62,3/9/2018,0.0335,70.635,0.0309,2018,0,21.013540130021525
48024,0.977,['Yonatan Awate'],0.204,161500,0.00988,0,6CtgSHDxivSLqi4vjYCUs8,0.754,7,0.0974,-33.749,1,Continuation,68,2/7/2020,0.0435,69.683,0.0746,2020,0,21.148377137984493
16092,0.9840000000000001,['Moon Laika'],0.142,175132,0.013000000000000001,0,0ek2PwrDkUWRqoaTq6WKDj,0.909,7,0.0994,-33.299,1,Sleep Hibernation,67,6/14/2019,0.0428,72.917,0.0708,2019,0,21.291883435150236
55531,0.9470000000000001,['Zoe Handfield'],0.168,172500,0.00908,0,2vOE9PLXx3MTPy5E0dxPor,0.946,5,0.125,-33.966,0,Andromeda,62,8/16/2019,0.0443,68.775,0.396,2019,0,21.300321257728136
70302,0.995,['Bela Nemeth'],0.253,154663,0.00611,0,6gp6sejiJXYU1i6xHPf8hh,0.9590000000000001,4,0.0861,-29.25,1,This Moment,63,2/7/2017,0.0489,81.02,0.309,2017,0,21.364825528146135
77993,0.17600000000000002,['chillchild'],0.149,156807,0.0988,0,48zUSuNPWf2yFkzGu0BTv8,0.8809999999999999,0,0.0937,-28.783,1,Our Beginning,61,2/5/2020,0.0536,81.598,0.0342,2020,0,21.387767662522073
70492,0.9620000000000001,['Michel LeBond'],0.10099999999999999,200342,0.0724,0,2HFa8YQM9xXsaqquv8efKI,0.8420000000000001,1,0.109,-31.13,1,Primordeal Instincts,62,8/27/2019,0.0416,78.438,0.0352,2019,0,21.421269971363156
32210,0.9940000000000001,['Night Poets'],0.324,237861,0.00249,0,7zoNjIq4DZadcFOxwKvrlC,0.946,0,0.11,-34.247,1,Parts Unknown,68,1/13/2020,0.0351,67.725,0.0362,2020,0,21.541615848773393
16096,0.9940000000000001,['Matilda Charpie'],0.217,245750,0.0016899999999999999,0,4FE9jhuatcOZZYoHdBDN8T,0.912,0,0.139,-34.121,1,Crépuscule,69,6/1/2019,0.0425,64.118,0.0599,2019,0,21.682170355896687
70511,0.992,['Scintillante'],0.22399999999999998,199750,0.00828,0,3sAJq6EDW2iNSJnHwLzSqV,0.875,2,0.0996,-31.721999999999998,1,Notte,67,5/10/2019,0.0366,78.001,0.069,2019,0,21.717246812485804
70565,0.985,['Rosa Løvstrøm'],0.111,158000,0.0118,0,3SwiMJxBE5eqYdbXJBRtiT,0.917,2,0.10800000000000001,-31.874000000000002,1,Noctis,66,6/7/2019,0.0403,77.891,0.0812,2019,0,21.801397189768025
40102,0.99,['Artura Ponce Valles'],0.203,187250,0.00588,0,3CkHOquzU3g6ekoYiuo5Fo,0.8290000000000001,5,0.11800000000000001,-34.66,1,No me despiertes,67,6/22/2019,0.0391,69.468,0.0418,2019,0,22.036876887626907
77927,0.9209999999999999,['Binaural Landscapes'],0.154,215063,0.046,0,6SxcRJNPDlwiciVkzxu0oC,0.754,9,0.107,-33.115,0,Polar Drone,62,4/1/2019,0.0478,76.256,0.0342,2019,0,22.197968318430068
77997,0.988,['Yue Yan Jen'],0.115,196500,0.0535,0,4na8bW6oc43oxwage8huso,0.912,2,0.109,-34.856,1,守得云开见月明 - Every cloud has a silver lining,62,2/28/2020,0.0323,69.23899999999999,0.244,2020,0,22.217102874723
31828,0.00139,['Sleepy Times'],0.0627,199613,0.42700000000000005,0,4bVJHJ4CDyqrWlcTulUsmj,0.888,1,0.594,-33.080999999999996,1,"Thunderstorm for Relaxing Sleep, Pt. 47",56,1/12/2016,0.0753,58.295,0.0303,2016,0,22.384151786210815
55499,0.987,['Vas Bela'],0.201,152000,0.0027199999999999998,0,2qHGPanT2ux9hwZDbmPr8t,0.879,10,0.11599999999999999,-35.169000000000004,1,Éjszakai,68,6/22/2019,0.040999999999999995,68.22,0.0992,2019,0,22.471340517966997
40157,0.9740000000000001,['Najma Wallin'],0.175,133500,0.00759,0,6RuFOroO9VO0aMGEzirLHk,0.925,7,0.113,-35.071999999999996,1,Med slutna ögon,68,2/21/2020,0.0454,70.872,0.0838,2020,0,22.61632802123556
7726,0.9309999999999999,['Deep Sleep Music Collective'],0.0657,118988,0.00183,0,1NFpzFtGDWbtSCaXzxi1t7,0.98,1,0.11599999999999999,-34.484,1,Ocean Beauty,62,11/7/2016,0.0462,73.61,0.0396,2016,0,22.62005032498657
40123,0.9940000000000001,['Keira Conlon'],0.23199999999999998,153500,0.00449,0,72mDETn3Ba8yVewAcqnlqQ,0.852,1,0.0705,-34.69,0,Lyrebird,68,6/14/2019,0.0375,73.35600000000001,0.0988,2019,0,22.743527002778723
70610,0.9359999999999999,['Elise Ryen'],0.16399999999999998,168250,0.00569,0,7map9ciIR1obUQ4dOKo9IY,0.934,9,0.0954,-35.348,1,Kritagya,67,2/21/2020,0.0445,73.934,0.163,2020,0,23.53426999148529
126137,0.521,['Kehlani'],0.43,165009,0.703,1,6TrdeNEgbKuBqIToRfdWMY,0.0,2,0.132,-3.6839999999999997,1,Everybody Business,72,5/8/2020,0.22899999999999998,45.78,0.435,2020,0,23.549188168725163
39803,0.996,['Binaural Beats Sleep'],0.39799999999999996,118387,0.009559999999999999,0,3md9ih5DcuqhYO6FVs6KDs,0.988,2,0.111,-36.329,1,Binaural Beats (REM Sleep),56,11/29/2016,0.0554,69.067,0.35700000000000004,2016,0,23.672891948378954
106920,0.968,['Pink Noise'],0.105,300188,0.0328,0,52UFaisgZzjLPyuhf01Amo,0.8740000000000001,1,0.11199999999999999,-33.814,1,Pink Noise for Sleeping,64,5/24/2016,0.0748,78.38600000000001,0.013999999999999999,2016,0,23.744085686040325
15741,0.9640000000000001,['Deep Sleep Music Collective'],0.204,120033,0.00297,0,1SPBJ5ol7xYyzxt1Gs0MTD,0.9840000000000001,1,0.111,-36.056,1,Sleeping Music (Piano Sleep Music),62,11/7/2016,0.0445,62.848,0.0396,2016,0,23.811951255974908
116435,0.138,['Rain Sound Studio'],0.24,174660,0.998,0,18aGDOpPblt4w29uE9NMbd,0.997,11,0.945,-23.585,0,Under Shelter Rain,69,1/9/2017,0.051,46.36600000000001,1e-05,2017,0,23.82831886634315
15820,0.955,['Deep Sleep Music Collective'],0.182,118491,0.00248,0,4dKkvmCP8VYyPzyk3TgfQb,0.977,4,0.0879,-35.658,1,Calm Sounds for Sleep,61,11/7/2016,0.0474,74.752,0.0609,2016,0,24.067356251703774
32060,0.0412,['Wonderful Escape'],0.135,231594,0.797,0,0ob9Ks5Tcn7nzfBefhEn7v,0.845,1,0.376,-31.858,1,Thunder From Under the Tree,66,9/4/2019,0.41700000000000004,82.119,0.026000000000000002,2019,0,24.106406714730934
47968,0.987,['Leah Day'],0.18600000000000003,178000,0.0113,0,6JMuZsTQprhBrbywStSwer,0.963,10,0.1,-36.853,0,Snowdonia,66,10/18/2019,0.0388,64.657,0.154,2019,0,24.314161686680155
23744,0.9159999999999999,['Deep Sleep Music Collective'],0.18899999999999997,119510,0.00301,0,7xsY4hfbyEGPAxzjCL1R5b,0.8640000000000001,2,0.091,-36.57,1,Glowing Sunset,61,11/7/2016,0.0479,62.691,0.0375,2016,0,24.34165803938025
23741,0.9540000000000001,['Deep Sleep Music Collective'],0.136,131840,0.000553,0,2ez01ZsOmyG4m31vxJuQDx,0.9,6,0.11199999999999999,-35.699,1,Music to Sleep By,61,11/7/2016,0.0458,76.03699999999999,0.0541,2016,0,24.520844564162825
23756,0.951,['Deep Sleep Music Collective'],0.204,120451,0.00107,0,1mmw6dQxV5Yw7VsYdZTU1m,0.883,1,0.12,-37.221,1,Sand Castles,61,11/7/2016,0.0502,68.72399999999999,0.0351,2016,0,24.54029332283795
62967,0.573,['Relaxed Minds'],0.209,249739,0.867,0,22TrxuTE2bllUWnZVJ3Qcp,0.0634,4,0.9540000000000001,-33.358000000000004,0,Wave Foam,61,1/9/2017,0.0358,80.93,1e-05,2017,0,24.632189398673543
169409,0.94,['Deep Sleep Music Collective'],0.135,117368,0.00214,0,7MO1iUivRn2ZT7gzrJpMjl,0.897,0,0.0968,-37.424,1,Calm Ocean Waves,63,11/7/2016,0.0479,68.657,0.0359,2016,0,24.74121425588536
23771,0.925,['Deep Sleep Music Collective'],0.145,117656,0.00263,0,0vWHg7etZMX36mh59Fq71m,0.938,0,0.0897,-37.193000000000005,1,Reflections,61,11/7/2016,0.0531,71.558,0.0384,2016,0,24.81709758499018
15795,0.9470000000000001,['Deep Sleep Music Collective'],0.18899999999999997,119406,0.001,0,46h9F8VMYavgKbjzdtwjwI,0.851,2,0.13699999999999998,-37.259,1,Dark Skies,62,11/7/2016,0.0475,71.35300000000001,0.0712,2016,0,24.84585791406739
125827,0.0984,['Fabricantes De Lluvia'],0.0574,169331,0.496,0,3byF8Z5oOsuVbrPlyfFyIK,0.0,1,0.8109999999999999,-32.727,1,Cozy Rain Sound,69,1/9/2017,0.157,52.763999999999996,0.0273,2017,0,24.873785438007324
15827,0.932,['Deep Sleep Music Collective'],0.0758,120555,0.00179,0,3Ilbj3JF3dED8cjRaPmqhk,0.7909999999999999,0,0.09,-37.553000000000004,1,Pink Sky,62,11/7/2016,0.0539,70.093,0.0437,2016,0,24.974699506503082
23737,0.975,['Deep Sleep Music Collective'],0.198,122723,0.000413,0,68JOSWjtRYqsCJbnVSCDkQ,0.8640000000000001,6,0.11,-37.624,1,Sleep Meditation,62,11/7/2016,0.0432,69.492,0.0674,2016,0,24.99095973016231
7722,0.961,['Deep Sleep Music Collective'],0.0624,122175,0.000868,0,2XrM7sxDMFn2LaKB7ITlJs,0.9179999999999999,2,0.187,-37.475,1,Sleep Music (Distant Lands),62,11/7/2016,0.0514,70.914,0.134,2016,0,25.000367275451154
23763,0.973,['Deep Sleep Music Collective'],0.154,123272,0.000891,0,0OVwmxLIkUQjAT6zVusw5Q,0.912,1,0.11599999999999999,-37.952,1,Sleep Songs,61,11/7/2016,0.0537,66.507,0.035,2016,0,25.262763751733615
161072,0.956,['Deep Sleep Music Collective'],0.132,121104,0.00157,0,2nvvKQCQdiTlgTwRQCqnkx,0.9640000000000001,4,0.0983,-37.75,1,Sleeping Music (Calm Sleep),64,11/7/2016,0.053,71.505,0.0376,2016,0,25.359265552868937
23740,0.958,['Deep Sleep Music Collective'],0.135,118178,0.00256,0,1e8YXZzw4cnWV9QaSY3BtQ,0.92,1,0.11199999999999999,-37.495,1,Quiet Music for Sleep,61,11/7/2016,0.0457,73.062,0.0443,2016,0,25.400139137013106
23745,0.9570000000000001,['Deep Sleep Music Collective'],0.157,119406,0.000553,0,7HBvKyhAJ4QX2vaq4Nl45N,0.919,0,0.106,-38.094,1,New Age Piano for Sleep,61,11/7/2016,0.0482,69.712,0.0386,2016,0,25.479742745165897
23777,0.9129999999999999,['Deep Sleep Music Collective'],0.13699999999999998,117969,0.000998,0,4PrxdUUAW8yGTJxurIbYun,0.9279999999999999,5,0.109,-38.069,1,Starlight,61,11/7/2016,0.05,63.951,0.0365,2016,0,25.609080276340055
8037,0.961,['The Tides'],0.155,224000,0.00512,0,65AHFH7pRxxMrFDsFVH5Hv,0.894,8,0.1,-36.056,0,Your Peace,67,11/18/2019,0.0419,78.206,0.183,2019,0,25.679583804462737
7728,0.9109999999999999,['Deep Sleep Music Collective'],0.128,120790,0.0015400000000000001,0,4AkP8JV90cs05Q8vlVunMe,0.9440000000000001,4,0.0893,-36.356,1,Above the Clouds,63,11/7/2016,0.0519,78.291,0.0377,2016,0,25.989774316211847
23774,0.958,['Deep Sleep Music Collective'],0.0768,123716,0.0027300000000000002,0,0ErhZpQwk4JaXevDCSwoBW,0.7859999999999999,11,0.0913,-37.35,1,Teal Sky,61,11/7/2016,0.0517,76.542,0.0384,2016,0,26.240519745594312
15971,0.902,['Masala Roo'],0.27399999999999997,168537,0.0417,0,5I3JZ3zvxKQMdp9rEcGkiR,0.903,0,0.11199999999999999,-23.499000000000002,0,Pads of Redemption,67,11/14/2018,0.034,43.513000000000005,0.0613,2018,0,26.323449277327335
15769,0.915,['Deep Sleep Music Collective'],0.18100000000000002,121339,0.0009,0,4VP1vL2y2iW0zoiMrFZBin,0.9229999999999999,0,0.106,-37.955999999999996,1,Sleeping Music (Sounds for Sleep),62,11/7/2016,0.0487,58.273999999999994,0.035,2016,0,26.88377938564489
169429,0.961,['Deep Sleep Music Collective'],0.128,122410,0.000793,0,2IOK9ETnjo05WJYbuEg8uI,0.9329999999999999,1,0.10800000000000001,-37.801,1,Moonbeam,64,11/7/2016,0.0505,77.39399999999999,0.035,2016,0,26.96836487725709
15830,0.9440000000000001,['Deep Sleep Music Collective'],0.156,122958,0.00418,0,6P18h1X557wTCkuiAxnzzf,0.9670000000000001,2,0.0953,-36.375,1,Purple Star,62,11/7/2016,0.0467,81.368,0.0419,2016,0,27.426032668587425
152448,0.992,['Binaural Beats Sleep'],0.486,121626,0.000953,0,0tPuFBwxHeJ4XizUCfmlNw,0.6659999999999999,3,0.111,-40.637,1,Binaural Beats (Deep Sleep),61,11/29/2016,0.047,64.26,0.32899999999999996,2016,0,28.104816667472395
15816,0.87,['Deep Sleep Music Collective'],0.158,121313,0.0009960000000000001,0,2fPwXViRQPqalsO0bFyvwv,0.866,2,0.13699999999999998,-38.374,1,Awakenings,62,11/7/2016,0.0509,79.113,0.073,2016,0,28.162107505725505
15802,0.885,['Deep Sleep Music Collective'],0.115,124056,0.00112,0,3lMob8LMW1tyFC9yt2UBAC,0.9109999999999999,5,0.106,-37.826,1,REM Sleep,62,11/7/2016,0.0488,80.667,0.0489,2016,0,28.35296163966694
16018,0.0378,['Aminé'],0.5379999999999999,146573,0.605,1,2q4F6OpQgx9umNB9uGFPYo,0.0,3,0.159,-5.412999999999999,1,RATCHET SATURN GIRL,63,8/15/2018,0.11900000000000001,39.497,0.657,2018,0,28.972540590117834
169459,0.966,['Deep Sleep Music Collective'],0.10800000000000001,122227,0.000711,0,7qJikccNesdXmTeaXoJfhb,0.882,0,0.10800000000000001,-38.643,1,Sleep Music (Gentleness),63,11/7/2016,0.0485,81.684,0.0381,2016,0,29.552116286275435
15834,0.97,['Deep Sleep Music Collective'],0.0834,118387,0.00109,0,4K6OlCO3WbxsMr0h7U8nlY,0.836,8,0.115,-37.547,1,Soft Piano,61,11/7/2016,0.0463,84.354,0.0386,2016,0,30.00799769568314
15739,0.995,['Binaural Beats Sleep'],0.39299999999999996,122723,0.00105,0,63SvuIM9L3ONAcYS2ODUoN,0.9390000000000001,4,0.107,-43.013000000000005,1,Binaural Beats (Restful Sleep),58,11/29/2016,0.11199999999999999,72.028,0.0392,2016,0,30.633104921939033
125835,0.11599999999999999,['Rain Sound Studio'],0.0,152411,0.7120000000000001,0,50N6EPhnmazJFkWvzqynhb,0.998,1,0.768,-13.466,1,Downpoar,69,1/9/2017,0.0,0.0,0.0,2017,0,67.5352754405135
116623,0.862,['Bruce Brus'],0.0,168000,0.00043099999999999996,0,3AFEx7f9qxc6U59s27Tp1V,0.977,0,0.162,-14.105,0,White Noise Crashing Waves,76,8/9/2019,0.0,0.0,0.0,2019,0,67.53744336061136
15864,1.17e-06,['Rain Sounds Factory STHLM'],0.0,170614,3.2200000000000003e-05,0,7IYxWrs94jceRhxJJKDEJe,0.9740000000000001,1,0.45899999999999996,-13.9,1,Rain Sound : Sunday Dreaming,63,4/21/2017,0.0,0.0,0.0,2017,0,67.53936155167507
143939,0.11599999999999999,['Chill Bees'],0.0,164336,0.46799999999999997,0,5TpEtiKGAljXxtjcBqIfIc,0.991,11,0.595,-14.43,0,Rain at Dawn,67,5/5/2017,0.0,0.0,0.0,2017,0,67.54996268685888
161194,0.106,['Rain Sounds ACE'],0.0,164452,0.654,0,5aVTpbRU7DM9GfCNydb9MR,1.0,3,0.8590000000000001,-14.77,0,Rain in the Park,64,5/5/2017,0.0,0.0,0.0,2017,0,67.56283044697007
125716,0.00119,['The White Noise Zen & Meditation Sound Lab'],0.0,148000,0.342,0,5X8Hut4pmjxDUd8bYfFqjb,1.0,9,0.392,-14.959000000000001,0,Calm Rain Storm & Gentle White Noise,66,2/11/2016,0.0,0.0,0.0,2016,0,67.56530650831183
135129,0.0,"['Brown Noise for Babies', 'White Noise for Deeper Sleep', 'Appliances for Meditation']",0.0,73887,2.01e-05,0,3qdGhfS5yIyqXMNtmJov6o,0.0,5,0.0,-15.776,1,Brown Noise,60,4/18/2016,0.0,0.0,0.0,2016,0,67.58980041592837
125909,0.11599999999999999,['Forest FX'],0.0,184460,0.45299999999999996,0,3vU3NSAS9uxSg4gLbNLViL,0.922,9,0.503,-16.773,0,Camping Rain,68,5/5/2017,0.0,0.0,0.0,2017,0,67.64777113686766
169743,1.3300000000000001e-05,['Naturaleza FX'],0.0,150879,2.02e-05,0,4UFlnhDTGyKvlhOQziDHkG,0.20800000000000002,1,0.311,-16.873,1,Colors of the Rain,68,10/10/2019,0.0,0.0,0.0,2019,0,67.6487517893539
15870,0.9540000000000001,['Thunderbound Productions'],0.0,285343,0.9990000000000001,0,0cTmHyEAcGnkIv3yC0sVwL,0.526,11,0.97,-17.47,1,Timeless Rain,63,4/12/2017,0.0,0.0,0.0,2017,0,67.69329634569458
16084,1.3800000000000002e-05,['Natural Woodland Sounds'],0.0,126167,2.0300000000000002e-05,0,4ilfxYggG4GpbZcpC9qzH5,0.991,0,0.767,-17.687,1,Meditation Rain,67,10/10/2019,0.0,0.0,0.0,2019,0,67.71347990215263
77648,0.00584,['Fan Sounds'],0.0,190044,2.02e-05,0,7CCX1tNZIqQcU5BWv6KAKx,0.873,3,0.11599999999999999,-18.090999999999998,1,Oscillating Fan Rest Sound,56,11/11/2016,0.0,0.0,0.0,2016,0,67.73906748929478
16054,0.000904,['Sounds of Nature Noise'],0.0,179187,0.000139,0,62kBhPaUyrsGzmsaZJ35xh,0.8340000000000001,1,0.539,-18.249000000000002,1,Soft Thunder,67,10/3/2019,0.0,0.0,0.0,2019,0,67.75286746183193
55438,0.495,"['Brown Noise Baby', 'Brown Noise', 'White Noise', 'Pink Noise']",0.0,75000,0.00243,0,6XfaE8sWBIuUqnWcAKc56G,0.261,7,0.12,-18.795,1,"Fan Noises for Sleeping (Looped, Loopable Fast Sleep)",59,4/23/2018,0.0,0.0,0.0,2018,0,67.7892550643605
39807,0.127,"['Rain Sounds', 'Rain Sounds & White Noise', 'Relaxing Rain Sounds', 'Meditation Rain Sounds', 'Sleep Sound Library', 'Sleep Sounds of Nature']",0.0,93452,6.19e-05,0,6HMSnRW8Htfd3YxdNgUF73,0.9990000000000001,9,0.718,-18.685,1,Pouring Rain,56,3/1/2016,0.0,0.0,0.0,2016,0,67.79206150511473
63131,0.914,['Fizzonaut'],0.0,149538,9.9e-05,0,595CZH0N7pnCKjF4lmcilR,0.9520000000000001,5,0.10800000000000001,-19.059,0,Heedful Pink Noise,65,11/29/2019,0.0,0.0,0.0,2019,0,67.81892397929818
32001,0.982,['Granular'],0.0,235135,0.0109,0,2GBvksBLD4dLqjKbqp4uor,0.17600000000000002,5,0.127,-20.829,1,Clover,65,7/6/2018,0.0,0.0,0.0,2018,0,68.00056081427583
15787,0.956,['White Noise Spa'],0.0,300300,2.0300000000000002e-05,0,5wf3wwLBJj4j46xtJETZ8L,0.23800000000000002,10,0.131,-20.961,0,Soothing Deep Pink Noise,58,10/11/2016,0.0,0.0,0.0,2016,0,68.01658226316755
169770,0.9570000000000001,['Granular'],0.0,146061,0.14800000000000002,0,4rkUd5Juj2icJoNTLq0jmP,0.168,5,0.11199999999999999,-22.011999999999997,1,Brown Noise 750 LPF,69,1/11/2019,0.0,0.0,0.0,2019,0,68.15099990114616
107149,0.0926,['Microdynamic Recordings'],0.0,143583,0.00216,0,1RXXLvEKXmz2c6TG1EDUz2,0.982,10,0.821,-22.55,1,Calm Pour,76,10/7/2019,0.0,0.0,0.0,2019,0,68.24129057082395
161305,0.96,['Fizzonaut'],0.0,132923,0.000261,0,6UrBiRJabWOu90XTluKZER,0.203,1,0.111,-23.444000000000003,1,Tepid Rainscape,68,11/29/2019,0.0,0.0,0.0,2019,0,68.36131906195307
97419,0.138,['Fan Sounds'],0.0,222760,2.0300000000000002e-05,0,3hJJOnsafnWFrhWDwhvZSy,0.145,4,0.11199999999999999,-25.213,1,Box Fan Rest Sound,67,11/11/2016,0.0,0.0,0.0,2016,0,68.66369187854843
7792,0.145,['Fan Sounds'],0.0,500167,2.0300000000000002e-05,0,4xu38KnbRHbRHRwdg4KFul,0.213,6,0.114,-25.555999999999997,1,Box Fan Long Loop For Sleep,60,1/1/2017,0.0,0.0,0.0,2017,0,68.72697659079904
135281,0.455,['Zenibly'],0.0,150000,0.0924,0,18lKp9uRyR2xJZFvg8ZWUC,0.408,1,0.111,-26.764,1,Clean & Pure White Noise,71,8/1/2018,0.0,0.0,0.0,2018,0,68.96084100912653
125880,0.16899999999999998,['The Rain Library'],0.0,133413,0.0598,0,0tK5Zvy4HttHXp9ldVm0EV,0.992,1,0.8140000000000001,-26.741,1,Deep Rain,68,1/9/2017,0.0,0.0,0.0,2017,0,68.96815895415816
23862,0.872,['Granular'],0.0,104516,2.0300000000000002e-05,0,2eWqBNH136U8Et0UTxBacB,1.0,1,0.0954,-27.194000000000003,1,White Noise - BP 228 hz,63,10/14/2017,0.0,0.0,0.0,2017,0,69.05512930943101
116385,0.9079999999999999,"['Erik Eriksson', 'White Noise for Babies', 'White Noise Baby Sleep']",0.0,72223,0.00125,0,5I21rMWLtCjWQl6QyLn85W,1.0,1,0.111,-27.592,1,Pure Brown Noise - Loopable with no fade,74,1/8/2017,0.0,0.0,0.0,2017,0,69.13961969282538
144175,0.988,['Granular'],0.0,158929,0.33299999999999996,0,3GMhHXO3cGrqMde11pQ3sL,0.7070000000000001,5,0.111,-27.745,1,Brown Noise Hall Verb,69,7/7/2019,0.0,0.0,0.0,2019,0,69.1685433577723
31894,0.42,['Granular'],0.0,180656,0.00172,0,03sJaTenPLeRaVUISW6pI5,0.39899999999999997,4,0.11,-27.848000000000003,0,Pink Noise - BP 240 hz,64,11/24/2017,0.0,0.0,0.0,2017,0,69.19002611066443
87653,0.7909999999999999,"['Erik Eriksson', 'White Noise Baby Sleep', 'White Noise for Babies']",0.0,90228,0.0034200000000000003,0,2bRKxuH1o7pTmb1y4GfdEc,1.0,8,0.111,-28.46,1,Clean White Noise - Loopable with no fade,86,1/8/2017,0.0,0.0,0.0,2017,0,69.33127813636804
135039,0.7909999999999999,"['Erik Eriksson', 'Lullabies for Deep Meditation', 'Baby Sweet Dream', 'White Noise Research']",0.0,90228,0.0034200000000000003,0,4MaJMSbaMBW3IrBuvWlOSX,1.0,8,0.111,-28.46,1,White Noise - Loopable With No Fade,62,12/4/2016,0.0,0.0,0.0,2016,0,69.33127813636804
135206,0.772,['Granular'],0.0,201290,2.0300000000000002e-05,0,3mPuBLqbLyJcATmzbYFKYz,0.39299999999999996,1,0.797,-28.838,1,White Noise - 200 hz,68,10/24/2017,0.0,0.0,0.0,2017,0,69.41564326801445
31870,0.145,['Granular'],0.0,108387,7.329999999999999e-05,0,5c7xG4WUHV0JJo7PG1lUhO,0.7340000000000001,8,0.139,-29.554000000000002,1,White Noise - BP 153 hz,62,10/13/2017,0.0,0.0,0.0,2017,0,69.58747997208405
161443,0.9159999999999999,['Water Sound Natural White Noise'],0.0,63000,0.032,0,5pGBDKBaR63vuJ4g8ialcU,0.20199999999999999,1,0.10300000000000001,-30.704,1,Deep Sleep Recovery Noise,70,2/25/2020,0.0,0.0,0.0,2020,0,69.86762442638239
169522,0.9129999999999999,['Granular'],0.0,205161,0.000164,0,2e6fCxto7NzsnujvliBtEk,0.91,10,0.155,-31.221,0,White Noise - 700 hz,64,10/14/2017,0.0,0.0,0.0,2017,0,70.00817902814586
97541,0.39399999999999996,['High Altitude Samples'],0.0,160003,0.00148,0,129ldjjvnFfA7Ygc8ktYnh,1.0,5,0.111,-31.839000000000002,1,Soft Brown Noise,78,11/15/2018,0.0,0.0,0.0,2018,0,70.17624304332931
87651,0.9229999999999999,['Granular'],0.0,147097,4.98e-05,0,65rkHetZXO6DQmBh3C2YtW,0.297,10,0.11,-32.354,0,White Noise - 500 hz,81,10/13/2017,0.0,0.0,0.0,2017,0,70.3106174852796
39774,0.535,['Fan Sounds'],0.0,138206,2.0300000000000002e-05,0,4XYFVhHi6rDAV6FA5Ksh2i,0.226,4,0.591,-33.379,1,Floor Fan Rest Sound,56,11/11/2016,0.0,0.0,0.0,2016,0,70.60554588898975
87652,0.9440000000000001,['Granular'],0.0,135484,2.0300000000000002e-05,0,6H4B9gJD6eQlNoEh8q85pP,0.8690000000000001,2,0.11199999999999999,-40.449,0,White Noise - 145 hz,80,10/13/2017,0.0,0.0,0.0,2017,0,72.98947965530539
77738,0.996,['520Hz'],0.0,197680,0.0197,0,1e6Wbu8j4BIYPIYrqY12Re,0.996,1,0.10400000000000001,-47.19,1,8-Bit CockPit,56,1/18/2017,0.0,0.0,0.0,2017,0,75.80783189180407
125852,0.96,['The Noise Project'],0.0,160847,0.0354,0,4GVIKZW6a4q0we4Ebc1FdP,0.00868,2,0.0923,-47.731,1,Big Fan Dulled,68,5/7/2017,0.0,0.0,0.0,2017,0,76.04860842458346
62887,0.807,['Hayden Ball'],0.0,188084,2.0300000000000002e-05,0,2cVy8InB8vhshMTn4lTCjJ,0.953,5,0.205,-48.233999999999995,1,Rain And Wind,60,5/7/2017,0.0,0.0,0.0,2017,0,76.28743687208424
161177,0.993,['Lila Om'],0.0,156506,0.512,0,0qERplEKH6hfxLk0GxpYE0,0.457,10,0.182,-50.174,1,Dulled White Noise,65,5/7/2017,0.0,0.0,0.0,2017,0,77.20467928393994
23900,0.9079999999999999,['Sound Carrie'],0.0,158984,0.41700000000000004,0,5B0VPkUgRy54p9TassurNo,0.973,7,0.0953,-51.08,1,Loopable Sound - Flight 2021,63,5/7/2017,0.0,0.0,0.0,2017,0,77.652438006453
125820,0.9079999999999999,['HI-FI CAMP'],0.0,156805,0.616,0,5jUXYkjrCkkhnMMJPTgSqN,0.38799999999999996,1,0.11,-54.376000000000005,1,Cabin Sound,69,1/18/2017,0.0,0.0,0.0,2017,0,79.32744204325529
